kode_satker,kementerian,nama_satker,kode_barang,nup,koordinat,luas,jenis_barang,nama_barang,SURAT JAWABAN PENGGUNA BARANG,TANGGAL SURAT JAWABAN PENGGUNA BARANG,HASIL JAWABAN,PEMETAAN AWAL BERBASIS KEYWORD,TAHAP_BERIKUT,PENYAMPAIAN_KLARIFIKASI_REKAP,FLAG_REKONSILIASI_D_E,CATATAN_REKONSILIASI,id,kabupaten
088012200667882000KD,BADAN KEPEGAWAIAN NEGARA,Kantor Regional X BKN Denpasar,4010202004,1,"-8.715251244248794, 115.21851310165908",120.0,Rumah Negara,Rumah Negara Golongan II Tipe B Permanen,157/B-PL.03.05/SD/KR.X/2026,46147.0,Digunakan pegawai,Digunakan/dimanfaatkan—indikasi tidak idle,PENELITIAN,SUDAH,-,-,BMN-1,"Kota Denpasar"
088012200667882000KD,BADAN KEPEGAWAIAN NEGARA,Kantor Regional X BKN Denpasar,4010201010,7,"-8.714740001416551, 115.21826934783658",57.0,Rumah Negara,Rumah Negara Golongan I Tipe D Permanen,157/B-PL.03.05/SD/KR.X/2026,46147.0,Digunakan pegawai,Digunakan/dimanfaatkan—indikasi tidak idle,PENELITIAN,SUDAH,-,-,BMN-2,"Kota Denpasar"
075012200437344000KD,BADAN METEOROLOGI KLIMATOLOGI DAN GEOFISIKA,STASIUN GEOFISIKA SANGLAH,4010202010,1,"-8.67678238, 115.20989664",50.0,Rumah Negara,Rumah Negara Golongan II Tipe D Permanen,e.B/PL.08.01/ 005 /KDNP/VII/2026,46230.0,Dalam pembahasan hibah ke Pemkab Karangasem,Lainnya/perlu telaah manual,PENELUSURAN,SUDAH,-,-,BMN-3,"Kota Denpasar"
075012200437344000KD,BADAN METEOROLOGI KLIMATOLOGI DAN GEOFISIKA,STASIUN GEOFISIKA SANGLAH,4010202013,2,"-8.67678238, 115.20989664",36.0,Rumah Negara,Rumah Negara Golongan II Tipe E Permanen,e.B/PL.08.01/ 005 /KDNP/VII/2026,46230.0,Dalam pembahasan hibah ke Pemkab Karangasem,Lainnya/perlu telaah manual,PENELUSURAN,SUDAH,-,-,BMN-4,"Kota Denpasar"
075012200437344000KD,BADAN METEOROLOGI KLIMATOLOGI DAN GEOFISIKA,STASIUN GEOFISIKA SANGLAH,4010202010,2,,50.0,Rumah Negara,Rumah Negara Golongan II Tipe D Permanen,e.B/PL.08.01/ 005 /KDNP/VII/2026,46230.0,Dalam pembahasan hibah ke Pemkab Karangasem,Lainnya/perlu telaah manual,PENELUSURAN,SUDAH,-,-,BMN-5,"Kota Denpasar"
075012200437344000KD,BADAN METEOROLOGI KLIMATOLOGI DAN GEOFISIKA,STASIUN GEOFISIKA SANGLAH,4010202010,3,,50.0,Rumah Negara,Rumah Negara Golongan II Tipe D Permanen,e.B/PL.08.01/ 005 /KDNP/VII/2026,46230.0,Dalam pembahasan hibah ke Pemkab Karangasem,Lainnya/perlu telaah manual,PENELUSURAN,SUDAH,-,-,BMN-6,"Kota Denpasar"
075012200437338000KD,BADAN METEOROLOGI KLIMATOLOGI DAN GEOFISIKA,Stasiun Meteorologi Ngurah Rai Denpasar,4010202010,12,,50.0,Rumah Negara,Rumah Negara Golongan II Tipe D Permanen,e.T/PL.08.01/001/KDPS/IV/2026,46118.0,Sedang digunakan berdasarkan kep izin penghunian rumah negara ,Digunakan/dimanfaatkan—indikasi tidak idle,PENELITIAN,SUDAH,-,-,BMN-7,"Kabupaten Jembrana"
075012200437792000KD,BADAN METEOROLOGI KLIMATOLOGI DAN GEOFISIKA,Balai Besar MKG Wilayah III Denpasar,4010101001,15,"-8.738478617262539, 115.17855489613203",100.0,Bangunan Gedung Kantor,Bangunan Gedung Kantor Permanen,e.B/PL.08.01/ 007 /KBB3/III/2026 ,46112.0,sedang dan masih dipergunakan untuk gedung penyimpanan arsip-arsip,Lainnya/perlu telaah manual,PENELUSURAN,SUDAH,-,-,BMN-8,"Kabupaten Badung"
075012200437338000KD,BADAN METEOROLOGI KLIMATOLOGI DAN GEOFISIKA,Stasiun Meteorologi Ngurah Rai Denpasar,4010202007,16,,70.0,Rumah Negara,Rumah Negara Golongan II Tipe C Permanen,e.T/PL.08.01/001/KDPS/IV/2026,46118.0,Sedang digunakan berdasarkan kep izin penghunian rumah negara ,Digunakan/dimanfaatkan—indikasi tidak idle,PENELITIAN,SUDAH,-,-,BMN-9,"Kabupaten Jembrana"
075012200437338000KD,BADAN METEOROLOGI KLIMATOLOGI DAN GEOFISIKA,Stasiun Meteorologi Ngurah Rai Denpasar,4010202010,20,,46.0,Rumah Negara,Rumah Negara Golongan II Tipe D Permanen,e.T/PL.08.01/001/KDPS/IV/2026,46118.0,Sedang digunakan berdasarkan kep izin penghunian rumah negara ,Digunakan/dimanfaatkan—indikasi tidak idle,PENELITIAN,SUDAH,-,-,BMN-10,"Kabupaten Jembrana"
075012200437338000KD,BADAN METEOROLOGI KLIMATOLOGI DAN GEOFISIKA,Stasiun Meteorologi Ngurah Rai Denpasar,4010202010,22,,46.0,Rumah Negara,Rumah Negara Golongan II Tipe D Permanen,e.T/PL.08.01/001/KDPS/IV/2026,46118.0,Sedang digunakan berdasarkan kep izin penghunian rumah negara ,Digunakan/dimanfaatkan—indikasi tidak idle,PENELITIAN,SUDAH,-,-,BMN-11,"Kabupaten Jembrana"
004012200579220000KD,BADAN PEMERIKSA KEUANGAN,BPK RI PERWAKILAN PROVINSI BALI (01),4010201013,1,,,Rumah Negara,Rumah Negara Golongan II Tipe D Permanen,74/B/S/DJPKN-VI.DPS/BMN.01/02/2026,46076.0,"- Tidak ditemukan pada master aset,"Kabupaten Jembrana"
- Tidak memiliki aset dengan kode barang tersebut,"Kota Denpasar"
- Tidak ada dalam pengelolaan Aset BPK Perwakilan Provinsi Bali",Anomali data/pencatatan atau perubahan organisasi,PENELITIAN,SUDAH,-,-,BMN-12,"Kabupaten Jembrana"
004012200579220000KD,BADAN PEMERIKSA KEUANGAN,BPK RI PERWAKILAN PROVINSI BALI (01),2010101001,1,,,Tanah Rumah Negara,Tanah Bangunan Rumah Negara Golongan II,74/B/S/DJPKN-VI.DPS/BMN.01/02/2026,46076.0,"- Tidak ditemukan pada master aset,"Kota Denpasar"
- Tidak memiliki aset dengan kode barang tersebut,"Kota Denpasar"
- Tidak ada dalam pengelolaan Aset BPK Perwakilan Provinsi Bali",Anomali data/pencatatan atau perubahan organisasi,PENELITIAN,SUDAH,-,-,BMN-13,"Kota Denpasar"
004012200579220000KD,BADAN PEMERIKSA KEUANGAN,BPK RI PERWAKILAN PROVINSI BALI (01),4010101001,3,,,Bangunan Gedung Kantor,Bangunan Gedung Kantor Permanen,74/B/S/DJPKN-VI.DPS/BMN.01/02/2026,46076.0,Telah dilakukan Reklasifikasi Aset ke Bangunan Gedung Perpustakaan Permanen (4010116011) NUP 1,Anomali data/pencatatan atau perubahan organisasi,PENELITIAN,SUDAH,-,-,BMN-14,"Kota Denpasar"
004012200579220000KD,BADAN PEMERIKSA KEUANGAN,BPK RI PERWAKILAN PROVINSI BALI (01),4.010101001E9,4,,,Bangunan Gedung Kantor,Bangunan Gedung Kantor Permanen,74/B/S/DJPKN-VI.DPS/BMN.01/02/2026,46076.0,Telah dilakukan Reklasifikasi Aset ke Gedung Pos Jaga Permanen (410113001) NUP 1,Anomali data/pencatatan atau perubahan organisasi,PENELITIAN,SUDAH,-,-,BMN-15,"Kota Denpasar"
004012200579220000KD,BADAN PEMERIKSA KEUANGAN,BPK RI PERWAKILAN PROVINSI BALI (01),4010201010,6,"-8.67538846930503, 115.24614588732027",50.0,Rumah Negara,Rumah Negara Golongan I Tipe D Permanen,74/B/S/DJPKN-VI.DPS/BMN.01/02/2026,46076.0,Rumah Dinas Golongan 1 Tipe D Permanen berstatus baik dan dihuni oleh Analis Pengelolaan Keuangan,Digunakan/dimanfaatkan—indikasi tidak idle,PENELITIAN,SUDAH,-,-,BMN-16,"Kota Denpasar"
063012200432954000KD,BADAN PENGAWAS OBAT DAN MAKANAN,Balai Besar POM Denpasar,2010104001,9,,,Tanah Bangunan Kantor,Tanah Bangunan Kantor Pemerintah,PL.03.01.34B.07.26.579,46227.0,"telah di Transfer Keluar ke Balai POM di,"Kabupaten Jembrana"
Buleleng sesuai Berita Acara nomor PL.03.03.17A.17A5.08.22.130 tanggal 10,"Kabupaten Jembrana"
Agustus 2022 sebagaimana terlampir",Anomali data/pencatatan atau perubahan organisasi,PENELITIAN,SUDAH,-,-,BMN-17,"Kota Denpasar"
08901220050649000KD,BADAN PENGAWASAN KEUANGAN DAN PEMBANGUNAN,Perwakilan BPKP Prov Bali,2010101002,3,,,Tanah Rumah Negara,Tanah Bangunan Rumah Negara Golongan II,PL.04/S-699/PW22/1/2026,46160.0,Tempat untuk parkir penghuni rumah dinas,Digunakan/dimanfaatkan—indikasi tidak idle,PENELITIAN,SUDAH,-,-,BMN-18,"Kabupaten Jembrana"
08901220050649000KD,BADAN PENGAWASAN KEUANGAN DAN PEMBANGUNAN,Perwakilan BPKP Prov Bali,2010101002,5,,,Tanah Rumah Negara,Tanah Bangunan Rumah Negara Golongan II,PL.04/S-699/PW22/1/2026,46160.0,Tempat untuk parkir penghuni rumah dinas,Digunakan/dimanfaatkan—indikasi tidak idle,PENELITIAN,SUDAH,-,-,BMN-19,"Kabupaten Jembrana"
08901220050649000KD,BADAN PENGAWASAN KEUANGAN DAN PEMBANGUNAN,Perwakilan BPKP Prov Bali,4010100000000000,6,,,Rumah Negara,Rumah Negara Golongan II Tipe D Permanen,PL.04/S-699/PW22/1/2026,46160.0,"Surat ijin Penghunian KP.05.02/KEP-422 PW22/1/2C25,"Kabupaten Klungkung"
dengan 23 Desember 2027",Lainnya/perlu telaah manual,PENELUSURAN,SUDAH,-,-,BMN-20,"Kabupaten Jembrana"
08901220050649000KD,BADAN PENGAWASAN KEUANGAN DAN PEMBANGUNAN,Perwakilan BPKP Prov Bali,4010100000000000,7,,,Rumah Negara,Rumah Negara Golongan II Tipe E Permanen,PL.04/S-699/PW22/1/2026,46160.0,Surat Ijin Penghunian KP.05.02/KIEP-106/PW22/1/2C25 sampai dengan 17 April 2027,Lainnya/perlu telaah manual,PENELUSURAN,SUDAH,-,-,BMN-21,"Kabupaten Jembrana"
08901220050649000KD,BADAN PENGAWASAN KEUANGAN DAN PEMBANGUNAN,Perwakilan BPKP Prov Bali,4010100000000000,8,,,Rumah Negara,Rumah Negara Golongan II Tipe E Permanen,PL.04/S-699/PW22/1/2026,46160.0,"Surat Ijin Pengtunian KP.05.02/KEP-88/PW22/1/2025 sampai,"Kabupaten Gianyar"
dengan 17 April 2027",Lainnya/perlu telaah manual,PENELUSURAN,SUDAH,-,-,BMN-22,"Kabupaten Jembrana"
08901220050649000KD,BADAN PENGAWASAN KEUANGAN DAN PEMBANGUNAN,Perwakilan BPKP Prov Bali,4010100000000000,9,,,Rumah Negara,Rumah Negara Golongan II Tipe E Permanen,PL.04/S-699/PW22/1/2026,46160.0,"Surat Ijin Pengtunian KP.05.02/KEP-88/PW22/1/2025 sampai,"Kabupaten Jembrana"
dengan 28 Februari 2027",Lainnya/perlu telaah manual,PENELUSURAN,SUDAH,-,-,BMN-23,"Kabupaten Jembrana"
08901220050649000KD,BADAN PENGAWASAN KEUANGAN DAN PEMBANGUNAN,Perwakilan BPKP Prov Bali,4010100000000000,10,,,Rumah Negara,Rumah Negara Golongan II Tipe E Permanen,PL.04/S-699/PW22/1/2026,46160.0,"Surat Ijin Pengtunian KP.05.02/KEP-88/PW22/1/2025 sampai,"Kabupaten Gianyar"
dengan 28 Februari 2027",Lainnya/perlu telaah manual,PENELUSURAN,SUDAH,-,-,BMN-24,"Kabupaten Jembrana"
006012200008678000KD,KEJAKSAAN AGUNG,KEJAKSAAN TINGGI BALI,2010101006,1,"-8.654303, 115.143841",120.0,Tanah Mess/Asrama,Tanah Bangunan Peristirahatan/Bungalaow/Cottage,B- 5893/N.1/Cpl.3/12/2025,46020.0,BMN berupa Tanah Bangunan Peristitarahata/Bungalow/Cottage beserta BMN BMN berupa Bangunan Rumah Negara Golongan II Tipe C Permanen yang berdiri di atas tanah tersebut telah diajukan permohonan petunjuk pengelolaan kepada pengelola barang dengan surat nomor B-3988/N.1/Cpl.3/09/2025 dan akan dilakukan pemanfaatan berupa sewa,Tindak lanjut sedang/akan diproses,PEMANTAUAN,SUDAH,-,-,BMN-25,"Kabupaten Badung"
006012200008750000KD,KEJAKSAAN AGUNG,KEJAKSAAN NEGERI KLUNGKUNG,4010202010,1,,,Rumah Negara,Rumah Negara Golongan II Tipe D Permanen,B- 3569 /N.1.12/Cpl.3/12/2025.,46021.0,telah dihapuskan berdasarkan surat Nomor : KEP-X- 453/C/Cpl.3/08/2021 tanggal 05 Agustus 2021,Tindak lanjut final telah selesai,PENELITIAN,SUDAH,-,-,BMN-26,"Kabupaten Klungkung"
006012200008746000KD,KEJAKSAAN AGUNG,KEJAKSAAN NEGERI TABANAN,4010202010,1,"-8.31551, 115.08056",50.0,Rumah Negara,Rumah Negara Golongan II Tipe D Permanen,B- 4306/N.1.17/Cpl.3/12/2025,46020.0,Dipergunakan untuk Rumah Dinas Pejabat/Pegawai Kejaksaan Negeri Tabanan,Digunakan/dimanfaatkan—indikasi tidak idle,PENELITIAN,SUDAH,-,-,BMN-27,"Kabupaten Tabanan"
006012200008746000KD,KEJAKSAAN AGUNG,KEJAKSAAN NEGERI TABANAN,4010202007,1,"-8.541051, 115.131679",84.0,Rumah Negara,Rumah Negara Golongan II Tipe C Permanen,B- 4306/N.1.17/Cpl.3/12/2025,46020.0,Dipergunakan untuk Rumah Dinas Pejabat/Pegawai Kejaksaan Negeri Tabanan,Digunakan/dimanfaatkan—indikasi tidak idle,PENELITIAN,SUDAH,-,-,BMN-28,"Kabupaten Tabanan"
006012200008725000KD,KEJAKSAAN AGUNG,KEJAKSAAN NEGERI GIANYAR,4010202010,1,,48.0,Rumah Negara,Rumah Negara Golongan II Tipe D Permanen,B - 118/N.1.15/Cpl.3/01/2026,46029.0,dalam kondisi rusak berat dan pada saat ini kami sedang dalam proses pengajuan ke Kejaksaan Agung RI untuk mengalihfungsikan menjadi Bangunan Gedung Barang Bukti dikarenakan kebutuhan dari satuan kerja.,Tindak lanjut sedang/akan diproses,PEMANTAUAN,SUDAH,-,-,BMN-29,"Kabupaten Gianyar"
006012200008678000KD,KEJAKSAAN AGUNG,KEJAKSAAN TINGGI BALI,4010202007,1,,,Rumah Negara,Rumah Negara Golongan II Tipe C Permanen,B- 5893/N.1/Cpl.3/12/2025,46020.0,"Barang Milik Negara (BMN) berupa Rumah Negara Golongan II Tipe C Permanen telah,"Kabupaten Klungkung"
dilakukan penghapusan dengan Surat Keputusan nomor : KEP-X-816/C/Cpl/11/2020",Tindak lanjut final telah selesai,PENELITIAN,SUDAH,-,-,BMN-30,"Kabupaten Jembrana"
006012200008682000KD,KEJAKSAAN AGUNG,KEJAKSAAN NEGERI DENPASAR,2010101001,1,,,Tanah Rumah Negara,Tanah Bangunan Rumah Negara Golongan I,B-51/N.1.10/Cpl.3/01/2026,46027.0,Barang Milik Negara (BMN) berupa 1 (dua) unit Bangunan Rumah Negara Golongan I tipe A permanen tersebut sudah dilakukan pemanfaatan berupa sewa sejak tahun bulan November 2025 hingga saat ini dengan Lampiran Surat Keputusan Kepala Kejaksaan Negeri Denpasar Nomor : KEP-72/N.1.10/Cpl.3/11/2025.,Lainnya/perlu telaah manual,PENELUSURAN,SUDAH,-,-,BMN-31,"Kabupaten Jembrana"
006012200008750000KD,KEJAKSAAN AGUNG,KEJAKSAAN NEGERI KLUNGKUNG,4010202010,2,,,Rumah Negara,Rumah Negara Golongan II Tipe D Permanen,B- 3569 /N.1.12/Cpl.3/12/2025.,46021.0,telah dihapuskan berdasarkan surat Nomor : KEP-X- 453/C/Cpl.3/08/2021 tanggal 05 Agustus 2021,Tindak lanjut final telah selesai,PENELITIAN,SUDAH,-,-,BMN-32,"Kabupaten Klungkung"
006012200008725000KD,KEJAKSAAN AGUNG,KEJAKSAAN NEGERI GIANYAR,4010202010,2,,48.0,Rumah Negara,Rumah Negara Golongan II Tipe D Permanen,B - 118/N.1.15/Cpl.3/01/2026,46029.0,dalam kondisi rusak berat dan pada saat ini kami sedang dalam proses pengajuan ke Kejaksaan Agung RI untuk mengalihfungsikan menjadi Bangunan Gedung Barang Bukti dikarenakan kebutuhan dari satuan kerja.,Tindak lanjut sedang/akan diproses,PEMANTAUAN,SUDAH,-,-,BMN-33,"Kabupaten Gianyar"
006012200008678000KD,KEJAKSAAN AGUNG,KEJAKSAAN TINGGI BALI,4010201001,2,,,Rumah Negara,Rumah Negara Golongan I Tipe A Permanen,B- 5893/N.1/Cpl.3/12/2025,46020.0,"Barang Milik Negara (BMN) berupa Rumah Negara Golongan I Tipe A Permanen telah,"Kabupaten Gianyar"
dilakukan proses transfer keluar dari Kejaksaan Tinggi Bali ke Kejaksaan Negeri Denpasar,"Kabupaten Tabanan"
dengan Surat Keputusan nomor : KEP-48/N.1/Cpl.3/5/2021",Anomali data/pencatatan atau perubahan organisasi,PENELITIAN,SUDAH,-,-,BMN-34,"Kabupaten Jembrana"
006012200008746000KD,KEJAKSAAN AGUNG,KEJAKSAAN NEGERI TABANAN,2010104001,2,"-8.53697, 115.117618",1980.0,Tanah Bangunan Kantor,Tanah Bangunan Kantor Pemerintah,B- 4306/N.1.17/Cpl.3/12/2025,46020.0,Disewakan,Tidak digunakan/berpotensi idle,PENELITIAN,SUDAH,-,-,BMN-35,"Kabupaten Tabanan"
006012200008750000KD,KEJAKSAAN AGUNG,KEJAKSAAN NEGERI KLUNGKUNG,4010202010,3,,,Rumah Negara,Rumah Negara Golongan II Tipe D Permanen,B- 3569 /N.1.12/Cpl.3/12/2025.,46021.0,telah dihapuskan berdasarkan surat Nomor : KEP-X- 453/C/Cpl.3/08/2021 tanggal 05 Agustus 2021,Tindak lanjut final telah selesai,PENELITIAN,SUDAH,-,-,BMN-36,"Kabupaten Klungkung"
006012200008682000KD,KEJAKSAAN AGUNG,KEJAKSAAN NEGERI DENPASAR,2010101002,3,"-8.6998402, 115.2266601",250.0,Tanah Rumah Negara,Tanah Bangunan Rumah Negara Golongan II,B-51/N.1.10/Cpl.3/01/2026,46027.0,"Barang Milik Negara (BMN) berupa Tanah Bangunan Rumah Negara Golongan I beserta Barang Milik Negara (BMN) berupa 2 (dua) unit Bangunan Rumah Negara Golongan Il tipe D permanen yang berdiri diatas tanah tersebut sudah dilakukan pemanfaatan berupa sewa sejak tahun 2023 hingga saat ini, dan penghuni dari awal masih sama hingga saat ini.",Lainnya/perlu telaah manual,PENELUSURAN,SUDAH,-,-,BMN-37,"Kota Denpasar"
006012200008678000KD,KEJAKSAAN AGUNG,KEJAKSAAN TINGGI BALI,4010201004,4,,,Rumah Negara,Rumah Negara Golongan I Tipe B Permanen,B- 5893/N.1/Cpl.3/12/2025,46020.0,Barang Milik Negara (BMN) berupa Rumah Negara Golongan II Tipe C Permanen telah dilakukan penghapusan dengan Surat Keputusan nomor : KEP-X-816/C/Cpl/11/2020,Tindak lanjut final telah selesai,PENELITIAN,SUDAH,-,-,BMN-38,"Kabupaten Jembrana"
006012200008678000KD,KEJAKSAAN AGUNG,KEJAKSAAN TINGGI BALI,4010201004,9,,,Rumah Negara,Rumah Negara Golongan I Tipe B Permanen,B- 5893/N.1/Cpl.3/12/2025,46020.0,Barang Milik Negara (BMN) berupa Rumah Negara Golongan II Tipe C Permanen telah dilakukan penghapusan dengan Surat Keputusan nomor : KEP-X-816/C/Cpl/11/2020.,Tindak lanjut final telah selesai,PENELITIAN,SUDAH,-,-,BMN-39,"Kabupaten Jembrana"
025012200419910000KD,KEMENTERIAN AGAMA RI,Kemenag Kab. Klungkung,2010101002,1,,,Tanah Rumah Negara,Tanah Bangunan Rumah Negara Golongan II,B-151/Kk.18.3.1/KS.00/03/2026,46106.0,"disesuaikan peruntukkannya menjadi Tanah Lapangan Parkir Lainnya dengan kode,"Kabupaten Jembrana"
barang 2010302999",Lainnya/perlu telaah manual,PENELUSURAN,SUDAH,-,-,BMN-40,"Kabupaten Klungkung"
025012200419869000KD,KEMENTERIAN AGAMA RI,Kementerian Agama Kab. Badung,2010104001,2,,,Tanah Bangunan Kantor,Tanah Bangunan Kantor Pemerintah,723/Kk.18.7.1/03/2026,46107.0,"Akan dibangun KUA Mengwi, menunggu keetersediaan anggaran",Tindak lanjut sedang/akan diproses,PEMANTAUAN,SUDAH,-,-,BMN-41,"Kabupaten Badung"
025032200568527000KD,KEMENTERIAN AGAMA RI,Kementerian Agama Kota Denpasar,2010104001,3,,,Tanah Bangunan Kantor,Tanah Bangunan Kantor Pemerintah,B-47/Kk.18.9.3/Ks.01/03/2026,46098.0,Bangunan Gedung Kantor Permanen (Gedung Kantor Urusan Agama Kecamatan Denpasar Selatan) NUP 4 milik satker Bimbingan Masyarakat Islam Kementerian Agama Kota Denpasar dengan luas dasar bangunan 131 m,Dihuni/dikuasai pensiunan atau pihak eksternal,PENELITIAN,SUDAH,-,-,BMN-42,"Kota Denpasar"
025072200552762000KD,KEMENTERIAN AGAMA RI,INSTITUT HINDU DHARMA NEGERI DENPASAR,2010104001,4,,,Tanah Bangunan Kantor,Tanah Bangunan Kantor Pemerintah,B-18/Uhn.01/1/KS.01.6/01/2026,46036.0,"- Direncanakan untuk digunakan sebagai lahan penanaman tanaman obat herbal (Taman Praktikum Herbal pada Jurusan Yoga Kesehatan, Fakultas Brahma Widya, UHN I Gusti Bagus Sugriwa Denpasar) pada Tahun Anggaran 2026.,"Kabupaten Klungkung"
- Akses terbatas; tidak dapat dilalui kendaraan bermotor, hanya dapat dicapai dengan berjalan kaki melalui pematang sawah.",Tindak lanjut sedang/akan diproses,PEMANTAUAN,SUDAH,-,-,BMN-43,"Kabupaten Gianyar"
025072200552762000KD,KEMENTERIAN AGAMA RI,INSTITUT HINDU DHARMA NEGERI DENPASAR,2010104001,5,,,Tanah Bangunan Kantor,Tanah Bangunan Kantor Pemerintah,B-18/Uhn.01/1/KS.01.6/01/2026,46036.0,"- Direncanakan untuk digunakan sebagai lahan penanaman tanaman obat herbal (Taman Praktikum Herbal pada Jurusan Yoga Kesehatan, Fakultas Brahma Widya, UHN I Gusti Bagus Sugriwa Denpasar) pada Tahun Anggaran 2026.,"Kabupaten Jembrana"
- Akses terbatas; tidak dapat dilalui kendaraan bermotor, hanya dapat dicapai dengan berjalan kaki melalui pematang sawah dan menyeberangi parit.",Tindak lanjut sedang/akan diproses,PEMANTAUAN,SUDAH,-,-,BMN-44,"Kabupaten Gianyar"
025072200552762000KD,KEMENTERIAN AGAMA RI,INSTITUT HINDU DHARMA NEGERI DENPASAR,2010104001,6,,,Tanah Bangunan Kantor,Tanah Bangunan Kantor Pemerintah,B-18/Uhn.01/1/KS.01.6/01/2026,46036.0,"- Pemanfaatan atas objek tanah saat ini dilaksanakan melalui skema sewa dengan jangka sewa selama 3 (tiga) tahun, terhitung sejak tanggal 10 November 2023 sampai dengan tanggal 10 November 2026.,"Kota Denpasar"
- Tidak terdapat permasalahan admninistrasi, fisik, dan hukum",Lainnya/perlu telaah manual,PENELUSURAN,SUDAH,-,-,BMN-45,"Kabupaten Gianyar"
056012200432122000KD,KEMENTERIAN AGRARIA DAN TATA RUANG/BPN,BPN Kab. Tabanan,2010101001,1,,,Tanah Rumah Negara,Tanah Bangunan Rumah Negara Golongan I,UP.03.02/3289-51.02/V/2026,46162.0,diusulkan pembangunan Rumah Negara Gol I pada RKBMN 2028,Lainnya/perlu telaah manual,PENELUSURAN,SUDAH,-,-,BMN-46,"Kabupaten Tabanan"
056012200432122000KD,KEMENTERIAN AGRARIA DAN TATA RUANG/BPN,BPN Kab. Tabanan,2010104001,2,,,Tanah Bangunan Kantor,Tanah Bangunan Kantor Pemerintah,UP.03.02/3289-51.02/V/2026,46162.0,Permohonan Pinjam Pakai dari Desa Banjar Anyar untuk Kopdes Merah Putih ,Lainnya/perlu telaah manual,PENELUSURAN,SUDAH,-,-,BMN-47,"Kabupaten Tabanan"
056012200552577000KD,KEMENTERIAN AGRARIA DAN TATA RUANG/BPN,BPN Kota Denpasar,4010101001,5,,,Bangunan Gedung Kantor,Bangunan Gedung Kantor Permanen,UP.03.02/2142 -51.71/V/2026,46155.0,berupa pagar bangunan,Lainnya/perlu telaah manual,PENELUSURAN,SUDAH,-,-,BMN-48,"Kota Denpasar"
056012200552577000KD,KEMENTERIAN AGRARIA DAN TATA RUANG/BPN,BPN Kota Denpasar,4010101001,6,,,Bangunan Gedung Kantor,Bangunan Gedung Kantor Permanen,UP.03.02/2142 -51.71/V/2026,46155.0,berupa rumah untuk genset,Lainnya/perlu telaah manual,PENELUSURAN,SUDAH,-,-,BMN-49,"Kota Denpasar"
056012200552577000KD,KEMENTERIAN AGRARIA DAN TATA RUANG/BPN,BPN Kota Denpasar,4010101001,8,,,Bangunan Gedung Kantor,Bangunan Gedung Kantor Permanen,UP.03.02/2142 -51.71/V/2026,46155.0,berupa gedung arsip,Tidak digunakan/berpotensi idle,PENELITIAN,SUDAH,-,-,BMN-50,"Kota Denpasar"
067092200350485000KD,"KEMENTERIAN DESA, PDT DAN TRANSMIGRASI",BALAI LATIHAN MASYARAKAT DENPASAR,4010202002,1,,,Rumah Negara,Rumah Negara Golongan II Tipe A Semi Permanen,B-791/KEU.09.03/VII/2026,46226.0,"masih dimanfaatkan (tidak Idle) dan,"Kabupaten Jembrana"
dipergunakan sebagai rumah tempat tinggal ",Belum ada hasil jawaban,DATA TIDAK LENGKAP,SUDAH,-,-,BMN-51,"Kabupaten Jembrana"
067092200350485000KD,"KEMENTERIAN DESA, PDT DAN TRANSMIGRASI",BALAI LATIHAN MASYARAKAT DENPASAR,4010202002,1,,,Rumah Negara,Rumah Negara Golongan II Tipe A Semi Permanen,B-791/KEU.09.03/VII/2026,46226.0,"masih dimanfaatkan (tidak Idle) dan,"Kota Denpasar"
dipergunakan sebagai rumah tempat tinggal ",Belum ada hasil jawaban,DATA TIDAK LENGKAP,SUDAH,-,-,BMN-52,"Kabupaten Jembrana"
067092200350485000KD,"KEMENTERIAN DESA, PDT DAN TRANSMIGRASI",BALAI LATIHAN MASYARAKAT DENPASAR,4010202002,3,,,Rumah Negara,Rumah Negara Golongan II Tipe A Semi Permanen,B-791/KEU.09.03/VII/2026,46226.0,"masih dimanfaatkan (tidak Idle) dan,"Kabupaten Jembrana"
dipergunakan sebagai rumah tempat tinggal ",Belum ada hasil jawaban,DATA TIDAK LENGKAP,SUDAH,-,-,BMN-53,"Kabupaten Jembrana"
013052200407556000KD,KEMENTERIAN HUKUM DAN HAM,Rumah Tahanan Negara Klungkung,4010201013,1,,,Rumah Negara,Rumah Negara Golongan I Tipe E Permanen,WP.20.PAS.PAS.9-PB.03.03-150,46036.0,"masih digunakan secara aktif sebagai fasilitas penunjang tugas dan fungsi Rumah Tahanan Negara Kelas IIB Klungkung, yakni sebagai tempat tinggal bagi pegawai yang bertugas, sesuai dengan ketentuan yang berlaku",Digunakan/dimanfaatkan—indikasi tidak idle,PENELITIAN,SUDAH,-,-,BMN-54,"Kabupaten Klungkung"
013052200407519000KD,KEMENTERIAN HUKUM DAN HAM,Balai Pemasyarakatan Denpasar,4010201010,1,,,Rumah Negara,Rumah Negara Gol. I Tipe D Permanen,WP.20.PB.04- 0157,46230.0,masih digunakan sesuai dengan peruntukannya sebagai Rumah Negara,Digunakan/dimanfaatkan—indikasi tidak idle,PENELITIAN,SUDAH,-,-,BMN-55,"Kabupaten Jembrana"
013062200409108000KD,KEMENTERIAN HUKUM DAN HAM,KANTOR IMIGRASI KELAS I KHUSUS NGURAH RAI,4010201010,1,,,Rumah Negara,Rumah Negara Golongan I Tipe D Permanen,WIM.20-PB.03.04-9326 ,46154.0,Dihuni Analis Keimigrasian a.n. Muhammad Subkhan Wibawa,Lainnya/perlu telaah manual,PENELUSURAN,SUDAH,-,-,BMN-56,"Kabupaten Jembrana"
013052200407556000KD,KEMENTERIAN HUKUM DAN HAM,Rumah Tahanan Negara Klungkung,4010201013,2,,,Rumah Negara,Rumah Negara Golongan I Tipe E Permanen,WP.20.PAS.PAS.9-PB.03.03-150,46036.0,"masih digunakan secara aktif sebagai fasilitas penunjang tugas dan fungsi Rumah Tahanan Negara Kelas IIB Klungkung, yakni sebagai tempat tinggal bagi pegawai yang bertugas, sesuai dengan ketentuan yang berlaku",Digunakan/dimanfaatkan—indikasi tidak idle,PENELITIAN,SUDAH,-,-,BMN-57,"Kabupaten Klungkung"
013062200409108000KD,KEMENTERIAN HUKUM DAN HAM,KANTOR IMIGRASI KELAS I KHUSUS NGURAH RAI,4010201010,2,,,Rumah Negara,Rumah Negara Golongan I Tipe D Permanen,WIM.20-PB.03.04-9326 ,46154.0,diusulkan untuk direnovasi,Lainnya/perlu telaah manual,PENELUSURAN,SUDAH,-,-,BMN-58,"Kabupaten Jembrana"
013062200409108000KD,KEMENTERIAN HUKUM DAN HAM,KANTOR IMIGRASI KELAS I KHUSUS NGURAH RAI,4010201007,2,,,Rumah Negara,Rumah Negara Golongan I Tipe C Permanen,WIM.20-PB.03.04-9326 ,46154.0,Dihuni Analis Keimigrasian a.n. Mellisa Manurung,Lainnya/perlu telaah manual,PENELUSURAN,SUDAH,-,-,BMN-59,"Kabupaten Jembrana"
013052200407525000KD,KEMENTERIAN HUKUM DAN HAM,Lembaga Pemasyarakatan Kerobokan,2010101001,2,,,Tanah Rumah Negara,Tanah Bangunan Rumah Negara Golongan I,WP.20.PAS.1-PB.04.01-111,46227.0,"Digunakan sendiri untuk operasional. Di atas aset tersebut berdiri bangunan Rumah Khusus yang disewakan kepada pegawai berdasarkan SK Penghuni Nomor : ,"Kabupaten Gianyar"
1) WP.20.PAS.1-26.PB.03.04 TAHUN 2025,"Kabupaten Jembrana"
2) WP.20.PAS.1-105.PB.03.04 TAHUN 2025,"Kabupaten Jembrana"
3) WP.20.PAS.1-103.PB.03.04 TAHUN 2025,"Kabupaten Jembrana"
4) WP.20.PAS.1-104.PB.03.04 TAHUN 2025",Digunakan/dimanfaatkan—indikasi tidak idle,PENELITIAN,SUDAH,-,-,BMN-60,"Kabupaten Jembrana"
013012200408870000KD,KEMENTERIAN HUKUM DAN HAM,KEMENKUMHAM BALI-Sekjen,2010104001,2,,,Tanah Bangunan Kantor,Tanah Bangunan Kantor Pemerintah,W.20 - PB.04.01 - 634 ,46059.0,"Kode barang ini berupa tanah di Jalan Ratna No. 19 Denpasar yang saat ini digunakan sebagai Rumah Dinas pegawai Kanwil Hukum, Kanwil HAM, Kanwil Ditjen Imigrasi dan Kanwil Ditjen Pemasyarakatan Bali serta Kantor Kanwil Ditjen Pemasyarakatan Bali ex Kantor Rupbasan Denpasar",Dihuni/dikuasai pensiunan atau pihak eksternal,PENELITIAN,SUDAH,-,-,BMN-61,"Kota Denpasar"
013052200407525000KD,KEMENTERIAN HUKUM DAN HAM,Lembaga Pemasyarakatan Kerobokan,4010201007,3,,,Rumah Negara,Rumah Negara Gol I tipe C Permanen,WP.20.PAS.1-PB.04.01-111,46227.0,Aset tersebut telah dilakukan penghapusan pada tahun 2021 melalui Surat Keputusan Surat Keputusan Menteri Hukum dan Hak Asasi Manusia Nomor: SEK.4-39.PB.06.04 TAHUN 2021,Tindak lanjut final telah selesai,PENELITIAN,SUDAH,-,-,BMN-62,"Kabupaten Jembrana"
013062200409108000KD,KEMENTERIAN HUKUM DAN HAM,KANTOR IMIGRASI KELAS I KHUSUS NGURAH RAI,4010201013,3,,,Rumah Negara,Rumah Negara Golongan I Tipe D Permanen,WIM.20-PB.03.04-9326 ,46154.0,Dihuni Kepala Seksi Pemeriksaan IV a.n Ardyansah,Lainnya/perlu telaah manual,PENELUSURAN,SUDAH,-,-,BMN-63,"Kabupaten Jembrana"
013052200407525000KD,KEMENTERIAN HUKUM DAN HAM,Lembaga Pemasyarakatan Kerobokan,2010101001,3,,,Tanah Rumah Negara,Tanah Bangunan Rumah Negara Golongan I,WP.20.PAS.1-PB.04.01-111,46227.0,"Digunakan sendiri untuk operasional. Di atas aset tersebut berdiri bangunan Rumah Khusus yang disewakan kepada pegawai berdasarkan SK Penghuni Nomor : ,"Kabupaten Jembrana"
1) WP.20.PAS.1-107.PB.03.04 TAHUN 2025,"Kabupaten Jembrana"
2) WP.20.PAS.1-430.PB.03.04 TAHUN 2024,"Kabupaten Gianyar"
3) WP.20.PAS.1-431.PB.03.04 TAHUN 2024,"Kabupaten Jembrana"
4) WP.20.PAS.1-432.PB.03.04 TAHUN 2024,"Kabupaten Jembrana"
5) WP.20.PAS.1-433.PB.03.04 TAHUN 2024",Digunakan/dimanfaatkan—indikasi tidak idle,PENELITIAN,SUDAH,-,-,BMN-64,"Kabupaten Jembrana"
013052200407571000KD,KEMENTERIAN HUKUM DAN HAM,Rumah Tahanan Negara Gianyar,4010101001,3,,,Bangunan Gedung Kantor,Bangunan Gedung Kantor Permanen,WP.20-UM.01.01-1381,46210.0,"merupakan Aula Kantor yang digunakan,"Kota Denpasar"
sebagai gedung pertemuan dan rapat. BMN tersebut masih digunakan untuk,"Kota Denpasar"
mendukung pelaksanaan tugas pokok dan fungsi satker",Digunakan/dimanfaatkan—indikasi tidak idle,PENELITIAN,SUDAH,-,-,BMN-65,"Kabupaten Gianyar"
013052200407525000KD,KEMENTERIAN HUKUM DAN HAM,Lembaga Pemasyarakatan Kerobokan,4010201010,4,,,Rumah Negara,Rumah Negara Gol I tipe D Permanen,WP.20.PAS.1-PB.04.01-111,46227.0,Aset tersebut telah dilakukan penghapusan pada tahun 2021 melalui Surat Keputusan Surat Keputusan Menteri Hukum dan Hak Asasi Manusia Nomor: SEK.4-39.PB.06.04 TAHUN 2021,Tindak lanjut final telah selesai,PENELITIAN,SUDAH,-,-,BMN-66,"Kabupaten Jembrana"
013052200407525000KD,KEMENTERIAN HUKUM DAN HAM,Lembaga Pemasyarakatan Kerobokan,4010201007,4,,,Rumah Negara,Rumah Negara Gol I tipe C Permanen,WP.20.PAS.1-PB.04.01-111,46227.0,Aset tersebut telah dilakukan penghapusan pada tahun 2021 melalui Surat Keputusan Surat Keputusan Menteri Hukum dan Hak Asasi Manusia Nomor: SEK.4-39.PB.06.04 TAHUN 2021,Tindak lanjut final telah selesai,PENELITIAN,SUDAH,-,-,BMN-67,"Kabupaten Jembrana"
013062200409108000KD,KEMENTERIAN HUKUM DAN HAM,KANTOR IMIGRASI KELAS I KHUSUS NGURAH RAI,4010201007,4,,,Rumah Negara,Rumah Negara Golongan I Tipe C Permanen,WIM.20-PB.03.04-9326 ,46154.0,diusulkan untuk direnovasi,Lainnya/perlu telaah manual,PENELUSURAN,SUDAH,-,-,BMN-68,"Kabupaten Jembrana"
013052200407525000KD,KEMENTERIAN HUKUM DAN HAM,Lembaga Pemasyarakatan Kerobokan,4010201010,5,,,Rumah Negara,Rumah Negara Gol I tipe D Permanen,WP.20.PAS.1-PB.04.01-111,46227.0,Aset tersebut telah dilakukan penghapusan pada tahun 2021 melalui Surat Keputusan Surat Keputusan Menteri Hukum dan Hak Asasi Manusia Nomor: SEK.4-39.PB.06.04 TAHUN 2021,Tindak lanjut final telah selesai,PENELITIAN,SUDAH,-,-,BMN-69,"Kabupaten Jembrana"
013042200408870000KD,KEMENTERIAN HUKUM DAN HAM,Kanwil Kemenkumham Bali-Sekjend,4010101001,5,,,Bangunan Gedung Kantor,Bangunan Gedung Kantor Permanen,W.20 - PB.04.01 - 634 ,46059.0,"Kode satker 013042200408870000KD yang tertera pada surat nomor S-259/MK/KNL. 1401/2025 bukan kode satker kami, kode satker kami 013012200408870000KD, mohon penjelasan lebih lanjut",Lainnya/perlu telaah manual,PENELUSURAN,SUDAH,-,-,BMN-70,"Kota Denpasar"
013012200408870000KD,KEMENTERIAN HUKUM DAN HAM,KEMENKUMHAM BALI-Sekjen,4010201007,6,,,Rumah Negara,Rumah Negara Golongan I Tipe C Permanen,W.20 - PB.04.01 - 634 ,46059.0,"Rumah tersebut berada di Jalan Dahlia No. 24 Denpasar, saat ini dihuni oleh pegawai dengan SIP Nomor W.20-14.PB.03.02 tahun 2026 tentang Penunjukan Penghuni Rumah Negara a.n. Dr. Parlindungan, S.H., M.H",Dihuni/digunakan pegawai aktif,PENELITIAN,SUDAH,-,-,BMN-71,"Kabupaten Jembrana"
013052200407525000KD,KEMENTERIAN HUKUM DAN HAM,Lembaga Pemasyarakatan Kerobokan,4010201010,6,,,Rumah Negara,Rumah Negara Gol I tipe D Permanen,WP.20.PAS.1-PB.04.01-111,46227.0,Aset tersebut telah dilakukan penghapusan pada tahun 2021 melalui Surat Keputusan Surat Keputusan Menteri Hukum dan Hak Asasi Manusia Nomor: SEK.4-39.PB.06.04 TAHUN 2021,Tindak lanjut final telah selesai,PENELITIAN,SUDAH,-,-,BMN-72,"Kabupaten Jembrana"
013062200409108000KD,KEMENTERIAN HUKUM DAN HAM,KANTOR IMIGRASI KELAS I KHUSUS NGURAH RAI,4010201007,6,,,Rumah Negara,Rumah Negara Golongan I Tipe C Permanen,WIM.20-PB.03.04-9326 ,46154.0,diusulkan untuk direnovasi,Lainnya/perlu telaah manual,PENELUSURAN,SUDAH,-,-,BMN-73,"Kabupaten Jembrana"
013052200407525000KD,KEMENTERIAN HUKUM DAN HAM,Lembaga Pemasyarakatan Kerobokan,2010101001,6,,,Tanah Rumah Negara,Tanah Bangunan Rumah Negara Golongan I,WP.20.PAS.1-PB.04.01-111,46227.0,"Digunakan sendiri untuk operasional. Di atas aset tersebut berdiri bangunan Rumah Khusus yang disewakan kepada pegawai berdasarkan SK Penghuni Nomor : ,"Kota Denpasar"
1) WP.20.PAS.1-428.PB.03.04 TAHUN 2024",Digunakan/dimanfaatkan—indikasi tidak idle,PENELITIAN,SUDAH,-,-,BMN-74,"Kabupaten Jembrana"
013042200408870000KD,KEMENTERIAN HUKUM DAN HAM,Kanwil Kemenkumham Bali-Sekjend,4010101001,6,,,Bangunan Gedung Kantor,Bangunan Gedung Kantor Permanen,W.20 - PB.04.01 - 634 ,46059.0,"Kode satker 013042200408870000KD yang tertera pada surat nomor S-259/MK/KNL.,"Kabupaten Tabanan"
1401/2025 bukan kode satker kami, kode satker kami 013012200408870000KD, mohon penjelasan lebih lanjut",Lainnya/perlu telaah manual,PENELUSURAN,SUDAH,-,-,BMN-75,"Kota Denpasar"
013052200407525000KD,KEMENTERIAN HUKUM DAN HAM,Lembaga Pemasyarakatan Kerobokan,4010201010,7,,,Rumah Negara,Rumah Negara Gol I tipe D Permanen,WP.20.PAS.1-PB.04.01-111,46227.0,Aset tersebut telah dilakukan penghapusan pada tahun 2021 melalui Surat Keputusan Surat Keputusan Menteri Hukum dan Hak Asasi Manusia Nomor: SEK.4-39.PB.06.04 TAHUN 2021,Tindak lanjut final telah selesai,PENELITIAN,SUDAH,-,-,BMN-76,"Kabupaten Jembrana"
013052200407525000KD,KEMENTERIAN HUKUM DAN HAM,Lembaga Pemasyarakatan Kerobokan,4010201010,8,,,Rumah Negara,Rumah Negara Gol I tipe D Permanen,WP.20.PAS.1-PB.04.01-111,46227.0,Aset tersebut telah dilakukan penghapusan pada tahun 2021 melalui Surat Keputusan Surat Keputusan Menteri Hukum dan Hak Asasi Manusia Nomor: SEK.4-39.PB.06.04 TAHUN 2021,Tindak lanjut final telah selesai,PENELITIAN,SUDAH,-,-,BMN-77,"Kabupaten Jembrana"
013052200407571000KD,KEMENTERIAN HUKUM DAN HAM,Rumah Tahanan Negara Gianyar,2010101001,10,,,Tanah Rumah Negara,Tanah Bangunan Rumah Negara Golongan I,WP.20-UM.01.01-1381,46210.0,"sudah diajukan usulan,"Kabupaten Jembrana"
pembangunan Rumah Negara Golongan II Tipe E pada Rencana Kebutuhan,"Kota Denpasar"
Barang Milik Negara (RKBMN) tahun 2027",Tindak lanjut sedang/akan diproses,PEMANTAUAN,SUDAH,-,-,BMN-78,"Kabupaten Gianyar"
013052200407571000KD,KEMENTERIAN HUKUM DAN HAM,Rumah Tahanan Negara Gianyar,2010101001,11,,,Tanah Rumah Negara,Tanah Bangunan Rumah Negara Golongan I,WP.20-UM.01.01-1381,46210.0,"sudah diajukan usulan,"Kota Denpasar"
pembangunan Rumah Negara Golongan II Tipe E pada Rencana Kebutuhan,"Kabupaten Klungkung"
Barang Milik Negara (RKBMN) tahun 2027",Tindak lanjut sedang/akan diproses,PEMANTAUAN,SUDAH,-,-,BMN-79,"Kabupaten Gianyar"
013052200407571000KD,KEMENTERIAN HUKUM DAN HAM,Rumah Tahanan Negara Gianyar,2010101001,12,,,Tanah Rumah Negara,Tanah Bangunan Rumah Negara Golongan I,WP.20-UM.01.01-1381,46210.0,"sudah diajukan usulan,"Kabupaten Karangasem"
pembangunan Rumah Negara Golongan II Tipe E pada Rencana Kebutuhan,"Kota Denpasar"
Barang Milik Negara (RKBMN) tahun 2027",Tindak lanjut sedang/akan diproses,PEMANTAUAN,SUDAH,-,-,BMN-80,"Kabupaten Gianyar"
013062200409108000KD,KEMENTERIAN HUKUM DAN HAM,KANTOR IMIGRASI KELAS I KHUSUS NGURAH RAI,4010201013,16,,,Rumah Negara,Rumah Negara Golongan I Tipe E Permanen,WIM.20-PB.03.04-9326 ,46154.0,Dihuni Analis Keimigrasian an Dhia Khairunnisa,Lainnya/perlu telaah manual,PENELUSURAN,SUDAH,-,-,BMN-81,"Kabupaten Jembrana"
013062200409108000KD,KEMENTERIAN HUKUM DAN HAM,KANTOR IMIGRASI KELAS I KHUSUS NGURAH RAI,4010201013,17,,,Rumah Negara,Rumah Negara Golongan I Tipe E Permanen,WIM.20-PB.03.04-9326 ,46154.0,Dihuni Analis Keimigrasian an Allouisius Tanamera,Lainnya/perlu telaah manual,PENELUSURAN,SUDAH,-,-,BMN-82,"Kabupaten Jembrana"
013062200409108000KD,KEMENTERIAN HUKUM DAN HAM,KANTOR IMIGRASI KELAS I KHUSUS NGURAH RAI,4010201013,18,,,Rumah Negara,Rumah Negara Golongan I Tipe E Permanen,WIM.20-PB.03.04-9326 ,46154.0,Dihuni Analis Keimigrasian an Wiji Rahmawan,Lainnya/perlu telaah manual,PENELUSURAN,SUDAH,-,-,BMN-83,"Kabupaten Jembrana"
013062200409108000KD,KEMENTERIAN HUKUM DAN HAM,KANTOR IMIGRASI KELAS I KHUSUS NGURAH RAI,4010201013,19,,,Rumah Negara,Rumah Negara Golongan I Tipe E Permanen,WIM.20-PB.03.04-9326 ,46154.0,Dihuni Analis Keimigrasian an Firmansyah Setyadji,Lainnya/perlu telaah manual,PENELUSURAN,SUDAH,-,-,BMN-84,"Kabupaten Jembrana"
013062200409108000KD,KEMENTERIAN HUKUM DAN HAM,KANTOR IMIGRASI KELAS I KHUSUS NGURAH RAI,4010201013,21,,,Rumah Negara,Rumah Negara Golongan I Tipe E Permanen,WIM.20-PB.03.04-9326 ,46154.0,diusulkan untuk direnovasi,Lainnya/perlu telaah manual,PENELUSURAN,SUDAH,-,-,BMN-85,"Kabupaten Jembrana"
013062200409108000KD,KEMENTERIAN HUKUM DAN HAM,KANTOR IMIGRASI KELAS I KHUSUS NGURAH RAI,4010201013,22,,,Rumah Negara,Rumah Negara Golongan I Tipe E Permanen,WIM.20-PB.03.04-9326 ,46154.0,diusulkan untuk direnovasi,Lainnya/perlu telaah manual,PENELUSURAN,SUDAH,-,-,BMN-86,"Kabupaten Jembrana"
013062200409108000KD,KEMENTERIAN HUKUM DAN HAM,KANTOR IMIGRASI KELAS I KHUSUS NGURAH RAI,4010201013,23,,,Rumah Negara,Rumah Negara Golongan I Tipe E Permanen,WIM.20-PB.03.04-9326 ,46154.0,Dihuni Analis Keimigrasian an Tarsisius Inosensius Anunu,Lainnya/perlu telaah manual,PENELUSURAN,SUDAH,-,-,BMN-87,"Kabupaten Jembrana"
013062200409108000KD,KEMENTERIAN HUKUM DAN HAM,KANTOR IMIGRASI KELAS I KHUSUS NGURAH RAI,4010201013,24,,,Rumah Negara,Rumah Negara Golongan I Tipe E Permanen,WIM.20-PB.03.04-9326 ,46154.0,diusulkan untuk direnovasi,Lainnya/perlu telaah manual,PENELUSURAN,SUDAH,-,-,BMN-88,"Kabupaten Jembrana"
013062200409108000KD,KEMENTERIAN HUKUM DAN HAM,KANTOR IMIGRASI KELAS I KHUSUS NGURAH RAI,4010201013,25,,,Rumah Negara,Rumah Negara Golongan I Tipe E Permanen,WIM.20-PB.03.04-9326 ,46154.0,diusulkan untuk direnovasi,Lainnya/perlu telaah manual,PENELUSURAN,SUDAH,-,-,BMN-89,"Kabupaten Jembrana"
032072200477419000KD,Kementerian Kelautan dan Perikanan,BPSPL,4010201010,1,,,Rumah Negara,Rumah Negara Golongan I Tipe D Permanen,B.2441/BPKel.2/PL.780/VII/2026,46231.0,Digunakan sendiri sesuai tusi (dihuni kepala kantor) ,Belum ada hasil jawaban,DATA TIDAK LENGKAP,SUDAH,-,-,BMN-90,"Kabupaten Gianyar"
024042200415661000KD,KEMENTERIAN KESEHATAN,RSUP Sanglah,4010201007,1,,,Rumah Negara,Rumah Negara Golongan I Tipe C Permanen,KN.01.02/A.II/1133/2026,46162.0,Sudah dihapuskan dan menjadi Gedung Kesehatan Ibu dan Anak,Tindak lanjut final telah selesai,PENELITIAN,SUDAH,-,-,BMN-91,"Kabupaten Jembrana"
024042200415661000KD,KEMENTERIAN KESEHATAN,RSUP Sanglah,4010201010,2,,,Rumah Negara,Rumah Negara Golongan I Tipe D Permanen,KN.01.02/A.II/1133/2026,46162.0,Sudah dihapuskan dan rencana akan dibangun Gedung Cadever Center,Tindak lanjut final telah selesai,PENELITIAN,SUDAH,-,-,BMN-92,"Kabupaten Jembrana"
024042200415661000KD,KEMENTERIAN KESEHATAN,RSUP Sanglah,4010201007,5,,,Rumah Negara,Rumah Negara Golongan I Tipe C Permanen,KN.01.02/A.II/1133/2026,46162.0, Sudah dihapuskan dan menjadi Gedung Kesehatan Ibu dan Anak,Tindak lanjut final telah selesai,PENELITIAN,SUDAH,-,-,BMN-93,"Kabupaten Jembrana"
024052200415871000KD,KEMENTERIAN KESEHATAN,Kantor Kesehatan Pelabuhan Kelas I,2010104001,6,,,Tanah Bangunan Kantor,Tanah Bangunan Kantor Pemerintah,KN.01.02/C.IX/5005/2026,46232.0,digunakan untuk mendukung tusi ,Belum ada hasil jawaban,DATA TIDAK LENGKAP,SUDAH,-,-,BMN-94,"Kota Denpasar"
024052200415871000KD,KEMENTERIAN KESEHATAN,Kantor Kesehatan Pelabuhan Kelas I,2010104001,7,,,Tanah Bangunan Kantor,Tanah Bangunan Kantor Pemerintah,KN.01.02/C.IX/5005/2026,46232.0,digunakan untuk mendukung tusi ,Belum ada hasil jawaban,DATA TIDAK LENGKAP,SUDAH,-,-,BMN-95,"Kota Denpasar"
024042200415661000KD,KEMENTERIAN KESEHATAN,RSUP Sanglah,4010201007,8,,,Rumah Negara,Rumah Negara Golongan I Tipe C Permanen,KN.01.02/A.II/1133/2026,46162.0,Sudah dihapuskan dan menjadi Gedung Kesehatan Ibu dan Anak,Tindak lanjut final telah selesai,PENELITIAN,SUDAH,-,-,BMN-96,"Kabupaten Jembrana"
024052200415871000KD,KEMENTERIAN KESEHATAN,Kantor Kesehatan Pelabuhan Kelas I,2010104001,8,,,Tanah Bangunan Kantor,Tanah Bangunan Kantor Pemerintah,KN.01.02/C.IX/5005/2026,46232.0,digunakan untuk mendukung tusi ,Belum ada hasil jawaban,DATA TIDAK LENGKAP,SUDAH,-,-,BMN-97,"Kota Denpasar"
015042800525606002KD,KEMENTERIAN KEUANGAN,KPP PRATAMA GIANYAR/KP2KP AMLAPURA,4010202013,1,,,Rumah Negara,Rumah Negara Golongan II Tipe E Permanen,ND-882/KPP.1707/2026,46230.0,Rumah Negara dengan NUP 1 sedang dalam proses renovasi.,Belum ada hasil jawaban,DATA TIDAK LENGKAP,SUDAH,-,-,BMN-98,"Kabupaten Karangasem"
015042800410016000KD,KEMENTERIAN KEUANGAN,KPP PRATAMA TABANAN/KP2KP NEGARA,4010202013,1,,,Rumah Negara,Rumah Negara Golongan II Tipe E Permanen,ND-562/KPP.1708/2026,46230.0,BMN saat ini dipakai untuk Rumah Negara pegawai KPP Pratama Tabanan,Lainnya/perlu telaah manual,PENELUSURAN,SUDAH,-,-,BMN-99,"Kabupaten Tabanan"
015051200561115000KD,KEMENTERIAN KEUANGAN,KPPBC TIPE MADYA PABEAN A DENPASAR,4010202010,1,,,Rumah Negara,Rumah Negara Golongan II Tipe D Permanen,ND-554/KBC.1302/2026,46155.0,telah dihapuskan dari Daftar Barang Kuasa Pengguna pada KPPBC TMP A Denpasar,Tindak lanjut final telah selesai,PENELITIAN,SUDAH,-,-,BMN-100,"Kabupaten Jembrana"
015112200675741000KD,KEMENTERIAN KEUANGAN,BALAI DIKLAT KEUANGAN DENPASAR,2010104001,2,,,Tanah Bangunan Kantor,Tanah Bangunan Kantor Pemerintah, ND-556/BPP.07/2026,46231.0,Penggunaan BMN untuk digunakan sendiri sesuai dengan tugas dan fungsi,Digunakan/dimanfaatkan—indikasi tidak idle,PENELITIAN,SUDAH,-,-,BMN-101,"Kota Denpasar"
015042800410016000KD,KEMENTERIAN KEUANGAN,KPP PRATAMA TABANAN/KP2KP NEGARA,4010202013,2,,,Rumah Negara,Rumah Negara Golongan II Tipe E Permanen,ND-562/KPP.1708/2026,46230.0,BMN saat ini dipakai untuk Rumah Negara pegawai KPP Pratama Tabanan,Lainnya/perlu telaah manual,PENELUSURAN,SUDAH,-,-,BMN-102,"Kabupaten Tabanan"
015051200561115000KD,KEMENTERIAN KEUANGAN,KPPBC TIPE MADYA PABEAN A DENPASAR,4010202010,2,,,Rumah Negara,Rumah Negara Golongan II Tipe D Permanen,ND-554/KBC.1302/2026,46155.0,telah dihapuskan dari Daftar Barang Kuasa Pengguna pada KPPBC TMP A Denpasar,Tindak lanjut final telah selesai,PENELITIAN,SUDAH,-,-,BMN-103,"Kabupaten Jembrana"
015042800410016001KD,KEMENTERIAN KEUANGAN,KPP PRATAMA TABANAN/KP2KP NEGARA,4010101001,2,,,Bangunan Gedung Kantor,Bangunan Gedung Kantor Permanen,ND-562/KPP.1708/2026,46230.0,BMN saat ini berdiri di atas tanah milik Pemerintah Kabupaten Jembrana. Gedung tidak ada rencana untuk dilakukan pemanfaatan dan akan dihapuskan karena kondisi Rusak Berat.,Kendala hukum/kepemilikan,PENELITIAN,SUDAH,-,-,BMN-104,"Kabupaten Tabanan"
015051200561115000KD,KEMENTERIAN KEUANGAN,KPPBC TIPE MADYA PABEAN A DENPASAR,4010101001,2,,,Bangunan Gedung Kantor,Bangunan Gedung Kantor Permanen,ND-554/KBC.1302/2026,46155.0,difungsikan sebagai kantor bantu dan masih digunakan untuk mendukung tugas dan fungsi unit kerja,Digunakan/dimanfaatkan—indikasi tidak idle,PENELITIAN,SUDAH,-,-,BMN-105,"Kota Denpasar"
015042800410016000KD,KEMENTERIAN KEUANGAN,KPP PRATAMA TABANAN,2010104001,3,,,Tanah Bangunan Kantor,Tanah Bangunan Kantor Pemerintah,ND-562/KPP.1708/2026,46230.0,Tidak ada rencana penggunaan dan pemanfaatan BMN Tanah dikarenakan posisi tanah yang tidak strategis jika dijadikan tempat pelayanan dan tidak optimal jika dimanfaatkan menjadi rumah negara /mess.,Tindak lanjut sedang/akan diproses,PEMANTAUAN,SUDAH,-,-,BMN-106,"Kabupaten Tabanan"
015042800410016000KD,KEMENTERIAN KEUANGAN,KPP PRATAMA TABANAN/KP2KP NEGARA,4010202013,3,,,Rumah Negara,Rumah Negara Golongan II Tipe E Permanen,ND-562/KPP.1708/2026,46230.0,Digunakan sendiri untuk operasional,Digunakan/dimanfaatkan—indikasi tidak idle,PENELITIAN,SUDAH,-,-,BMN-107,"Kabupaten Tabanan"
015051200561115000KD,KEMENTERIAN KEUANGAN,KPPBC TIPE MADYA PABEAN A DENPASAR,4010202010,3,,,Rumah Negara,Rumah Negara Golongan II Tipe D Permanen,ND-554/KBC.1302/2026,46155.0,telah dihapuskan dari Daftar Barang Kuasa Pengguna pada KPPBC TMP A Denpasar,Tindak lanjut final telah selesai,PENELITIAN,SUDAH,-,-,BMN-108,"Kabupaten Jembrana"
015051200561115000KD,KEMENTERIAN KEUANGAN,KPPBC TIPE MADYA PABEAN A DENPASAR,2010101002,3,,,Tanah Rumah Negara,Tanah Bangunan Rumah Negara Golongan II,ND-554/KBC.1302/2026,46155.0,dalam rangka mendukung rencana strategis organisasi terkait pembangunan kantor yang membawahi wilayah kerja Bali Utara,Tindak lanjut sedang/akan diproses,PEMANTAUAN,SUDAH,-,-,BMN-109,"Kabupaten Buleleng"
015042800410016001KD,KEMENTERIAN KEUANGAN,KPP PRATAMA TABANAN/KP2KP NEGARA,4010101001,3,,,Bangunan Gedung Kantor,Bangunan Gedung Kantor Permanen,ND-562/KPP.1708/2026,46230.0,Digunakan sendiri untuk operasional,Digunakan/dimanfaatkan—indikasi tidak idle,PENELITIAN,SUDAH,-,-,BMN-110,"Kabupaten Jembrana"
015051200561115000KD,KEMENTERIAN KEUANGAN,KPPBC TIPE MADYA PABEAN A DENPASAR,4010202010,4,,,Rumah Negara,Rumah Negara Golongan II Tipe D Permanen,ND-554/KBC.1302/2026,46155.0,telah dihapuskan dari Daftar Barang Kuasa Pengguna pada KPPBC TMP A Denpasar,Tindak lanjut final telah selesai,PENELITIAN,SUDAH,-,-,BMN-111,"Kabupaten Jembrana"
015051200561115000KD,KEMENTERIAN KEUANGAN,KPPBC TIPE MADYA PABEAN A DENPASAR,4010101001,4,,,Bangunan Gedung Kantor,Bangunan Gedung Kantor Permanen,ND-554/KBC.1302/2026,46155.0,Difungsikan sebagai kantor bantu dan masih digunakan untuk mendukung tugas dan fungsi unit kerja,Digunakan/dimanfaatkan—indikasi tidak idle,PENELITIAN,SUDAH,-,-,BMN-112,"Kota Denpasar"
015051200561115000KD,KEMENTERIAN KEUANGAN,KPPBC TIPE MADYA PABEAN A DENPASAR,4010202010,5,,,Rumah Negara,Rumah Negara Golongan II Tipe D Permanen,ND-554/KBC.1302/2026,46155.0,telah dihapuskan dari Daftar Barang Kuasa Pengguna pada KPPBC TMP A Denpasar,Tindak lanjut final telah selesai,PENELITIAN,SUDAH,-,-,BMN-113,"Kabupaten Jembrana"
015042800525584000KD,KEMENTERIAN KEUANGAN,KANWIL DJP BALI,2010101004,5,,,Tanah Rumah Negara,Tanah Bangunan Rumah Negara Dalam Proses Penggolongan,ND-1511/WPJ.17/2026,46233.0,Lokasi Kemuning. Akan dikoordinasikan ke Pengelola Barang dan BPN. Sengketa dikuasai pihak ketiga,Digunakan/dimanfaatkan—indikasi tidak idle,PENELITIAN,SUDAH,-,-,BMN-114,"Kota Denpasar"
015042800525606000KD,KEMENTERIAN KEUANGAN,KPP PRATAMA GIANYAR,4010101001,5,,,Bangunan Gedung Kantor,Bangunan Gedung Kantor Permanen,ND-882/KPP.1707/2026,46230.0,"Bangunan Gedung Kantor Permanen dengan NUP 5 digunakan sebagai Pos Pajak,"Kabupaten Jembrana"
Klungkung.",Digunakan/dimanfaatkan—indikasi tidak idle,PENELITIAN,SUDAH,-,-,BMN-115,"Kabupaten Klungkung"
015051200561115000KD,KEMENTERIAN KEUANGAN,KPPBC TIPE MADYA PABEAN A DENPASAR,4010202010,6,,,Rumah Negara,Rumah Negara Golongan II Tipe D Permanen,ND-554/KBC.1302/2026,46155.0,telah dihapuskan dari Daftar Barang Kuasa Pengguna pada KPPBC TMP A Denpasar,Tindak lanjut final telah selesai,PENELITIAN,SUDAH,-,-,BMN-116,"Kabupaten Jembrana"
015051200561115000KD,KEMENTERIAN KEUANGAN,KPPBC TIPE MADYA PABEAN A DENPASAR,2010101002,6,,,Tanah Rumah Negara,Tanah Bangunan Rumah Negara Golongan II,ND-554/KBC.1302/2026,46155.0,belum ada rencana pengunaan ,Tindak lanjut sedang/akan diproses,PEMANTAUAN,SUDAH,-,-,BMN-117,"Kabupaten Karangasem"
015082000528544000KD,KEMENTERIAN KEUANGAN,KANWIL DJPB PROP. BALI,4010202007,7,,,Rumah Negara,Rumah Negara Golongan II Tipe C Permanen,ND-622/WPB.22/2026,46227.0,Dihuni oleh Kepala Bidang PPA II Kanwil DJPB Bali Sesuai Kep-86/WPB.22/2025 tangal 30 Juni 2025,Lainnya/perlu telaah manual,PENELUSURAN,SUDAH,-,-,BMN-118,"Kota Denpasar"
015051200561115000KD,KEMENTERIAN KEUANGAN,KPPBC TIPE MADYA PABEAN A DENPASAR,4010202010,7,,,Rumah Negara,Rumah Negara Golongan II Tipe D Permanen,ND-554/KBC.1302/2026,46155.0,telah dihapuskan dari Daftar Barang Kuasa Pengguna pada KPPBC TMP A Denpasar,Tindak lanjut final telah selesai,PENELITIAN,SUDAH,-,-,BMN-119,"Kabupaten Jembrana"
015051200561115000KD,KEMENTERIAN KEUANGAN,KPPBC TIPE MADYA PABEAN A DENPASAR,4010101001,7,,,Bangunan Gedung Kantor,Bangunan Gedung Kantor Permanen,ND-554/KBC.1302/2026,46155.0,Difungsikan sebagai kantor bantu dan masih digunakan untuk mendukung tugas dan fungsi unit kerja,Digunakan/dimanfaatkan—indikasi tidak idle,PENELITIAN,SUDAH,-,-,BMN-120,"Kota Denpasar"
015042800410016000KD,KEMENTERIAN KEUANGAN,KPP PRATAMA TABANAN,4010299999,8,,,Rumah Negara,Bangunan Gedung Tempat Tinggal Lainnya,ND-562/KPP.1708/2026,46230.0,"tidak terdapat nup 8 untuk kode aset dimaksud, namun ada nup 12: BMN statusnya tidak aktif dan sudah direklas menjadi Rumah Negara Golongan I Tipe C Permanen",Lainnya/perlu telaah manual,PENELUSURAN,SUDAH,-,-,BMN-121,"Kabupaten Tabanan"
015051200561115000KD,KEMENTERIAN KEUANGAN,KPPBC TIPE MADYA PABEAN A DENPASAR,4010101001,8,,,Bangunan Gedung Kantor,Bangunan Gedung Kantor Permanen,ND-554/KBC.1302/2026,46155.0,difungsikan sebagai kantor bantu dan masih digunakan untuk mendukung tugas dan fungsi unit kerja,Digunakan/dimanfaatkan—indikasi tidak idle,PENELITIAN,SUDAH,-,-,BMN-122,"Kota Denpasar"
015051200561115000KD,KEMENTERIAN KEUANGAN,KPPBC TIPE MADYA PABEAN A DENPASAR,4010202013,9,,,Rumah Negara,Rumah Negara Golongan II Tipe E Permanen,ND-554/KBC.1302/2026,46155.0,telah dihapuskan dari Daftar Barang Kuasa Pengguna pada KPPBC TMP A Denpasar,Tindak lanjut final telah selesai,PENELITIAN,SUDAH,-,-,BMN-123,"Kabupaten Jembrana"
015051200561115000KD,KEMENTERIAN KEUANGAN,KPPBC TIPE MADYA PABEAN A DENPASAR,4010202013,10,,,Rumah Negara,Rumah Negara Golongan II Tipe E Permanen,ND-554/KBC.1302/2026,46155.0,telah dihapuskan dari Daftar Barang Kuasa Pengguna pada KPPBC TMP A Denpasar,Tindak lanjut final telah selesai,PENELITIAN,SUDAH,-,-,BMN-124,"Kabupaten Jembrana"
015051200561115000KD,KEMENTERIAN KEUANGAN,KPPBC TIPE MADYA PABEAN A DENPASAR,4010202010,10,,,Rumah Negara,Rumah Negara Golongan II Tipe D Permanen,ND-554/KBC.1302/2026,46155.0,telah dihapuskan dari Daftar Barang Kuasa Pengguna pada KPPBC TMP A Denpasar,Tindak lanjut final telah selesai,PENELITIAN,SUDAH,-,-,BMN-125,"Kabupaten Jembrana"
015051200561115000KD,KEMENTERIAN KEUANGAN,KPPBC TIPE MADYA PABEAN A DENPASAR,4010202010,11,,,Rumah Negara,Rumah Negara Golongan II Tipe D Permanen,ND-554/KBC.1302/2026,46155.0,telah dihapuskan dari Daftar Barang Kuasa Pengguna pada KPPBC TMP A Denpasar,Tindak lanjut final telah selesai,PENELITIAN,SUDAH,-,-,BMN-126,"Kabupaten Jembrana"
015051200561115000KD,KEMENTERIAN KEUANGAN,KPPBC TIPE MADYA PABEAN A DENPASAR,4010202010,12,,,Rumah Negara,Rumah Negara Golongan II Tipe D Permanen,ND-554/KBC.1302/2026,46155.0,telah dihapuskan dari Daftar Barang Kuasa Pengguna pada KPPBC TMP A Denpasar,Tindak lanjut final telah selesai,PENELITIAN,SUDAH,-,-,BMN-127,"Kabupaten Jembrana"
015051200532572000KD,KEMENTERIAN KEUANGAN,"KANTOR WILAYAH DJBC BALI, NTB DAN NTT",4010202007,18,,,Rumah Negara,Rumah Negara Golongan II Tipe C Permanen,ND-691/WBC.13/2026,46234.0,Direncanakan digunakan untuk tusi KPPBC TMP A Denpasar,Digunakan/dimanfaatkan—indikasi tidak idle,PENELITIAN,SUDAH,-,-,BMN-128,"Kabupaten Karangasem"
015042800525584000KD,KEMENTERIAN KEUANGAN,KANWIL DJP BALI,4010202010,31,,,Rumah Negara,Rumah Negara Golongan II Tipe D Permanen,ND-1511/WPJ.17/2026,46233.0,"Dobel Catat, Sudah dikoreksi ",Digunakan/dimanfaatkan—indikasi tidak idle,PENELITIAN,SUDAH,-,-,BMN-129,"Kabupaten Jembrana"
040012200427910000KD,KEMENTERIAN PARIWISATA,Sekolah Tinggi pariwisata Bali,4010101001,2,,,Bangunan Gedung Kantor,Bangunan Gedung Kantor Permanen,B/SD/960/PL.02.04/PTP.2/2026,46232.0,"Digunakan sebagai ruang kerja oleh Dosen dan Tenaga,"Kabupaten Jembrana"
Pendidik",Belum ada hasil jawaban,DATA TIDAK LENGKAP,SUDAH,-,-,BMN-130,"Kota Denpasar"
040012200427910000KD,KEMENTERIAN PARIWISATA,Sekolah Tinggi pariwisata Bali,4010101001,3,,,Bangunan Gedung Kantor,Bangunan Gedung Kantor Permanen,B/SD/960/PL.02.04/PTP.2/2026,46232.0,"Berdasarkan hasil penelusuran administrasi dan pencatatan,"Kabupaten Jembrana"
Barang Milik Negara (BMN), diketahui bahwa terdapat,"Kabupaten Jembrana"
kesalahan pencatatan atas Gedung Kantor Permanen NUP 3,,"Kota Denpasar"
yaitu Gedung Aula Joop Ave. Untuk menyesuaikan pencatatan,"Kota Denpasar"
dengan fungsi dan kondisi penggunaannya, pada tahun 2025,"Kabupaten Jembrana"
telah dilakukan reklasifikasi dari Gedung Kantor Permanen NUP,"Kabupaten Jembrana"
3 menjadi Gedung Pertemuan Permanen NUP 1. Bukti atas,"Kabupaten Jembrana"
pelaksanaan reklasifikasi tersebut telah dilampirkan sebagai,"Kabupaten Jembrana"
bukti pendukung.",Belum ada hasil jawaban,DATA TIDAK LENGKAP,SUDAH,-,-,BMN-131,"Kota Denpasar"
033042200498646000KP,KEMENTERIAN PEKERJAAN UMUM DAN PERUMAHAN RAKYAT,SATKER PELAKSANAAN JALAN NASIONAL WIL.II PROV. BALI,4010204001,1,,,Bangunan Mess/Asrama,Mess/Wisma/Bungalow/Tempat Peristirahatan Permanen,PS 0502/B/Bbpjn5.14/2026/1940,46230.0,telah dilakukan pemindahtanganan dengan cara hibah antara kementerian PUPR dengan Pemprov Bali,Belum ada hasil jawaban,DATA TIDAK LENGKAP,SUDAH,-,-,BMN-132,"Kota Denpasar"
033062200633920000KP,KEMENTERIAN PEKERJAAN UMUM DAN PERUMAHAN RAKYAT,SATKER BWS BALI PENIDA,2010104001,1,,,Tanah Bangunan Kantor,Tanah Bangunan Kantor Pemerintah,PS0601/T/Bws8.5/2026/ 09,46233.0,perubahan nup,Belum ada hasil jawaban,DATA TIDAK LENGKAP,SUDAH,-,-,BMN-133,"Kota Denpasar"
033112200279945000KP,KEMENTERIAN PEKERJAAN UMUM DAN PERUMAHAN RAKYAT,BALAI LITBANG PERUMAHAN WILAYAH II DENPASAR,4010101001,4,,,Bangunan Gedung Kantor,Bangunan Gedung Kantor Permanen,PS.02.01/BP10.5/943/2026,46111.0,"Satker berubah menjadi Satuan Kerja Perumahan dan Kawasan permukiman, digunakan sesuai tuga dan fungsi pada satker Perumahan dan Kawasan Permukiman provinsi Bali ",Belum ada hasil jawaban,DATA TIDAK LENGKAP,SUDAH,-,-,BMN-134,"Kota Denpasar"
023172200677526000KD,KEMENTERIAN PENDIDIKAN DAN KEBUDAYAAN,Universitas Udayana,2010101005,1,,,Tanah Mess/Asrama,Tanah Bangunan Mess/Wisma/Asrama,B/1757/UN14/PL.10.02/2026,46149.0,Digunakan untuk Bangunan Gedung Asrama Mahasiswa sesuai KIB Nomor 2,Digunakan/dimanfaatkan—indikasi tidak idle,PENELITIAN,SUDAH,-,-,BMN-135,"Kota Denpasar"
023172200677526000KD,KEMENTERIAN PENDIDIKAN DAN KEBUDAYAAN,Universitas Udayana,4010201001,1,,,Rumah Negara,Rumah Negara Golongan I Tipe A Permanen,B/1757/UN14/PL.10.02/2026,46149.0,Sudah dihapuskan dari pencatatan sesuai Sk Nomor 725/UN14/HK/2024 tanggal 14 Mei 2024,Tindak lanjut final telah selesai,PENELITIAN,SUDAH,-,-,BMN-136,"Kabupaten Jembrana"
023182200677608000KD,KEMENTERIAN PENDIDIKAN DAN KEBUDAYAAN,Politeknik Negeri Bali,4010202001,1,,,Rumah Negara,Rumah Negara Golongan 2 Tipe A Permanen,09324/DST/PL8/DV.05.00/2026,46141.0,Sudah Dihapuskan dari catatan sesuai SK Penghapusan Nomor 3669/PL8/KL/2022 Tanggal 16 September 2022,Tindak lanjut final telah selesai,PENELITIAN,SUDAH,-,-,BMN-137,"Kabupaten Jembrana"
023172200677526000KD,KEMENTERIAN PENDIDIKAN DAN KEBUDAYAAN,Universitas Udayana,2010101002,1,,,Tanah Rumah Negara,Tanah Bangunan Rumah Negara Gol II,B/1757/UN14/PL.10.02/2026,46149.0,"Dimanfaatkan untuk perumahan pegawai UNUD (Pasraman UNUD), dimana bangunan rumah,"Kabupaten Jembrana"
dibangun sendiri olch pegawai dan dosen sesuai Surat Keputusan Rektor Universitas Udayana Nomor 2282/314/LK.00.03/2004, Nomor 67/314/LK.00.03/2005 (16 Maret 2005), Nomor 223/J14/L.K.00.03/2005 (15 September 2005 Tentang pemanfaatan tanah untuk perumahan di Kampus Bukit Jimbaran.",Lainnya/perlu telaah manual,PENELUSURAN,SUDAH,-,-,BMN-138,"Kabupaten Jembrana"
023172200677526000KD,KEMENTERIAN PENDIDIKAN DAN KEBUDAYAAN,Universitas Udayana,2010101002,1,,,Tanah Rumah Negara,Tanah Bangunan Rumah Negara Gol II,B/1757/UN14/PL.10.02/2026,46149.0,"Dimanfaatkan untuk perumahan pegawai UNUD (Pasraman UNUD), dimana bangunan rumah,"Kota Denpasar"
dibangun sendiri olch pegawai dan dosen sesuai Surat Keputusan Rektor Universitas Udayana Nomor 2282/314/LK.00.03/2004, Nomor 67/314/LK.00.03/2005 (16 Maret 2005), Nomor 223/J14/L.K.00.03/2005 (15 September 2005 Tentang pemanfaatan tanah untuk perumahan di Kampus Bukit Jimbaran.",Lainnya/perlu telaah manual,PENELUSURAN,SUDAH,-,-,BMN-139,"Kabupaten Jembrana"
023172200677526000KD,KEMENTERIAN PENDIDIKAN DAN KEBUDAYAAN,Universitas Udayana,2010101001,1,,,Tanah Rumah Negara,Tanah Bangunan Rumah Negara Gol I,B/1757/UN14/PL.10.02/2026,46149.0,"Akan dikerjasamakan dalam bentuk BGS, saat ini sedang tahap penilaian nilai wajar tanah oleh KPKNL Denpasar, susuai surat permohonan penilaian Nomor B/2319/UN14/PL.13./2026 tanggal 16 Maret 2026.",Lainnya/perlu telaah manual,PENELUSURAN,SUDAH,-,-,BMN-140,"Kabupaten Jembrana"
023172200677526000KD,KEMENTERIAN PENDIDIKAN DAN KEBUDAYAAN,Universitas Udayana,2010101005,2,,,Tanah Mess/Asrama,Tanah Bangunan Mess/Wisma/Asrama,B/1757/UN14/PL.10.02/2026,46149.0,"Akan dikerjasamakan dalam bentuk BGS, saat ini sedang tahap penilaian nilai wajar tanah oleh KPKNL. Denpasar, susuai surat permohonan penilaian Nomor B/2319/UN14/PL.13./2026 tanggal 16 Maret 2026.",Lainnya/perlu telaah manual,PENELUSURAN,SUDAH,-,-,BMN-141,"Kota Denpasar"
023182200677608000KD,KEMENTERIAN PENDIDIKAN DAN KEBUDAYAAN,Politeknik Negeri Bali,4010202001,2,,,Rumah Negara,Rumah Negara Golongan 2 Tipe A Permanen,09324/DST/PL8/DV.05.00/2026,46141.0,Sudah Dihapuskan dari catatan sesuai SK Penghapusan Nomor 3669/PL8/KL/2022 Tanggal 16 September 2022,Tindak lanjut final telah selesai,PENELITIAN,SUDAH,-,-,BMN-142,"Kabupaten Jembrana"
023172200677526000KD,KEMENTERIAN PENDIDIKAN DAN KEBUDAYAAN,Universitas Udayana,2010101002,2,,,Tanah Rumah Negara,Tanah Bangunan Rumah Negara Gol II,B/1757/UN14/PL.10.02/2026,46149.0,Dimanfaatkan oleh tenaga Pendidik Unud untuk rumah dinas Sesuai SK Rektor 2388A/J14/LK.01.04/2001 tgl 9 Juli 2001.,Digunakan/dimanfaatkan—indikasi tidak idle,PENELITIAN,SUDAH,-,-,BMN-143,"Kabupaten Jembrana"
023172200677526000KD,KEMENTERIAN PENDIDIKAN DAN KEBUDAYAAN,Universitas Udayana,2010101005,3,,,Tanah Mess/Asrama,Tanah Bangunan Mess/Wisma/Asrama,B/1757/UN14/PL.10.02/2026,46149.0,"Sudah terdapat Bangunan Gedung Mes Student Dormytori sesuai KIB Nomor 1, dan dipergunakan untuk praktikum mahasiswa Fakultas Pariwisata.",Lainnya/perlu telaah manual,PENELUSURAN,SUDAH,-,-,BMN-144,"Kota Denpasar"
023182200677608000KD,KEMENTERIAN PENDIDIKAN DAN KEBUDAYAAN,Politeknik Negeri Bali,4010202001,3,,,Rumah Negara,Rumah Negara Golongan 2 Tipe A Permanen,09324/DST/PL8/DV.05.00/2026,46141.0,Sudah Dihapuskan dari catatan sesuai SK Penghapusan Nomor 3669/PL8/KL/2022 Tanggal 16 September 2022,Tindak lanjut final telah selesai,PENELITIAN,SUDAH,-,-,BMN-145,"Kabupaten Jembrana"
023172200677526000KD,KEMENTERIAN PENDIDIKAN DAN KEBUDAYAAN,Universitas Udayana,2010101005,4,,,Tanah Mess/Asrama,Tanah Bangunan Mess/Wisma/Asrama,B/1757/UN14/PL.10.02/2026,46149.0,Sudah dikerjasamakan dalam bentuk BGS sesuai perjanjian Nomor 1 tanggal 8 Juli 2022.,Lainnya/perlu telaah manual,PENELUSURAN,SUDAH,-,-,BMN-146,"Kota Denpasar"
023182200677608000KD,KEMENTERIAN PENDIDIKAN DAN KEBUDAYAAN,Politeknik Negeri Bali,4010202001,4,,,Rumah Negara,Rumah Negara Golongan 2 Tipe A Permanen,09324/DST/PL8/DV.05.00/2026,46141.0,Sudah Dihapuskan dari catatan sesuai SK Penghapusan Nomor 3669/PL8/KL/2022 Tanggal 16 September 2022,Tindak lanjut final telah selesai,PENELITIAN,SUDAH,-,-,BMN-147,"Kabupaten Jembrana"
023182200677608000KD,KEMENTERIAN PENDIDIKAN DAN KEBUDAYAAN,Politeknik Negeri Bali,4010202001,5,,,Rumah Negara,Rumah Negara Golongan 2 Tipe A Permanen,09324/DST/PL8/DV.05.00/2026,46141.0,Sudah Dihapuskan dari catatan sesuai SK Penghapusan Nomor 3669/PL8/KL/2022 Tanggal 16 September 2022,Tindak lanjut final telah selesai,PENELITIAN,SUDAH,-,-,BMN-148,"Kabupaten Jembrana"
023182200677608000KD,KEMENTERIAN PENDIDIKAN DAN KEBUDAYAAN,Politeknik Negeri Bali,4010202001,6,,,Rumah Negara,Rumah Negara Golongan 2 Tipe A Permanen,09324/DST/PL8/DV.05.00/2026,46141.0,Sudah Dihapuskan dari catatan sesuai SK Penghapusan Nomor 3669/PL8/KL/2022 Tanggal 16 September 2022,Tindak lanjut final telah selesai,PENELITIAN,SUDAH,-,-,BMN-149,"Kabupaten Jembrana"
023172200677526000KD,KEMENTERIAN PENDIDIKAN DAN KEBUDAYAAN,Universitas Udayana,2010101005,7,,,Tanah Mess/Asrama,Tanah Bangunan Mess/Wisma/Asrama,B/1757/UN14/PL.10.02/2026,46149.0,"Sebagian sudah dimanfaatkan untuk Bangunan Gedung SPBU seluas 4.056 M2, Bangunan Soung suas 275l as 9,056 m2, dan Stadion Sepakbola seluas 2750m2",Lainnya/perlu telaah manual,PENELUSURAN,SUDAH,-,-,BMN-150,"Kota Denpasar"
023182200677608000KD,KEMENTERIAN PENDIDIKAN DAN KEBUDAYAAN,Politeknik Negeri Bali,4010202001,7,,,Rumah Negara,Rumah Negara Golongan 2 Tipe A Permanen,09324/DST/PL8/DV.05.00/2026,46141.0,Sudah Dihapuskan dari catatan sesuai SK Penghapusan Nomor 3669/PL8/KL/2022 Tanggal 16 September 2022,Tindak lanjut final telah selesai,PENELITIAN,SUDAH,-,-,BMN-151,"Kabupaten Jembrana"
023172200677526000KD,KEMENTERIAN PENDIDIKAN DAN KEBUDAYAAN,Universitas Udayana,2010101005,8,,,Tanah Mess/Asrama,Tanah Bangunan Mess/Wisma/Asrama,B/1757/UN14/PL.10.02/2026,46149.0,"Sudah dikerjasamakan dengan Pihak Genah Ring Jimbaran sesuai perjanjian nomor: 15709/UN14/KS/2018, 09/GRJ/NK/28/GRJ/PKS/18.",Lainnya/perlu telaah manual,PENELUSURAN,SUDAH,-,-,BMN-152,"Kota Denpasar"
023182200677608000KD,KEMENTERIAN PENDIDIKAN DAN KEBUDAYAAN,Politeknik Negeri Bali,4010202001,8,,,Rumah Negara,Rumah Negara Golongan 2 Tipe A Permanen,09324/DST/PL8/DV.05.00/2026,46141.0,Sudah Dihapuskan dari catatan sesuai SK Penghapusan Nomor 3669/PL8/KL/2022 Tanggal 16 September 2022,Tindak lanjut final telah selesai,PENELITIAN,SUDAH,-,-,BMN-153,"Kabupaten Jembrana"
023182200677608000KD,KEMENTERIAN PENDIDIKAN DAN KEBUDAYAAN,Politeknik Negeri Bali,4010202001,9,,,Rumah Negara,Rumah Negara Golongan 2 Tipe A Permanen,09324/DST/PL8/DV.05.00/2026,46141.0,Sudah Dihapuskan dari catatan sesuai SK Penghapusan Nomor 3669/PL8/KL/2022 Tanggal 16 September 2022,Tindak lanjut final telah selesai,PENELITIAN,SUDAH,-,-,BMN-154,"Kabupaten Jembrana"
023182200677608000KD,KEMENTERIAN PENDIDIKAN DAN KEBUDAYAAN,Politeknik Negeri Bali,4010202001,10,,,Rumah Negara,Rumah Negara Golongan 2 Tipe A Permanen,09324/DST/PL8/DV.05.00/2026,46141.0,Sudah Dihapuskan dari catatan sesuai SK Penghapusan Nomor 3669/PL8/KL/2022 Tanggal 16 September 2022,Tindak lanjut final telah selesai,PENELITIAN,SUDAH,-,-,BMN-155,"Kabupaten Jembrana"
023032200419544000KD,KEMENTERIAN PENDIDIKAN DAN KEBUDAYAAN,LPMP Provinsi Bali,4010101001,10,,,Bangunan Gedung Kantor,Bangunan Gedung Kantor Permanen,0378/B/C6.18/LK.05.05/2026,46108.0,"Satker LPMP telah dilikuidasi mendadi BPMP Provinsi Bali, NUP Berubah dari nomor 10 menjadi nomor 5, disewakan untuk kegiatan pelatihan ",Anomali data/pencatatan atau perubahan organisasi,PENELITIAN,SUDAH,-,-,BMN-156,"Kota Denpasar"
023182200677608000KD,KEMENTERIAN PENDIDIKAN DAN KEBUDAYAAN,Politeknik Negeri Bali,4010202001,11,,,Rumah Negara,Rumah Negara Golongan 2 Tipe A Permanen,09324/DST/PL8/DV.05.00/2026,46141.0,Sudah Dihapuskan dari catatan sesuai SK Penghapusan Nomor 3669/PL8/KL/2022 Tanggal 16 September 2022,Tindak lanjut final telah selesai,PENELITIAN,SUDAH,-,-,BMN-157,"Kabupaten Jembrana"
023182200677608000KD,KEMENTERIAN PENDIDIKAN DAN KEBUDAYAAN,Politeknik Negeri Bali,4010202001,12,,,Rumah Negara,Rumah Negara Golongan 2 Tipe A Permanen,09324/DST/PL8/DV.05.00/2026,46141.0,Sudah Dihapuskan dari catatan sesuai SK Penghapusan Nomor 3669/PL8/KL/2022 Tanggal 16 September 2022,Tindak lanjut final telah selesai,PENELITIAN,SUDAH,-,-,BMN-158,"Kabupaten Jembrana"
023182200677608000KD,KEMENTERIAN PENDIDIKAN DAN KEBUDAYAAN,Politeknik Negeri Bali,4010202001,13,,,Rumah Negara,Rumah Negara Golongan 2 Tipe A Permanen,09324/DST/PL8/DV.05.00/2026,46141.0,Sudah Dihapuskan dari catatan sesuai SK Penghapusan Nomor 3669/PL8/KL/2022 Tanggal 16 September 2022,Tindak lanjut final telah selesai,PENELITIAN,SUDAH,-,-,BMN-159,"Kabupaten Jembrana"
023182200677608000KD,KEMENTERIAN PENDIDIKAN DAN KEBUDAYAAN,Politeknik Negeri Bali,4010202001,14,,,Rumah Negara,Rumah Negara Golongan 2 Tipe A Permanen,09324/DST/PL8/DV.05.00/2026,46141.0,Sudah Dihapuskan dari catatan sesuai SK Penghapusan Nomor 3669/PL8/KL/2022 Tanggal 16 September 2022,Tindak lanjut final telah selesai,PENELITIAN,SUDAH,-,-,BMN-160,"Kabupaten Jembrana"
023182200677608000KD,KEMENTERIAN PENDIDIKAN DAN KEBUDAYAAN,Politeknik Negeri Bali,4010202001,15,,,Rumah Negara,Rumah Negara Golongan 2 Tipe A Permanen,09324/DST/PL8/DV.05.00/2026,46141.0,Sudah Dihapuskan dari catatan sesuai SK Penghapusan Nomor 3669/PL8/KL/2022 Tanggal 16 September 2022,Tindak lanjut final telah selesai,PENELITIAN,SUDAH,-,-,BMN-161,"Kabupaten Jembrana"
022042200287612000KD,KEMENTERIAN PERHUBUNGAN,DISTRIK NAVIGASI BENOA,4010201010,1,,,Rumah Negara,Rumah Negara Golongan I Tipe D Permanen,PL.202/61/DNG.Bna/2026,46225.0,"Penghapusan BMN,"Kabupaten Jembrana"
Persetujuan Penghapusan Nomor : S-146/MK.6/KNL.1401/2022,"Kabupaten Jembrana"
tanggal 18 Oktober 2022",Lainnya/perlu telaah manual,PENELUSURAN,SUDAH,-,-,BMN-162,"Kabupaten Jembrana"
022042200287612000KD,KEMENTERIAN PERHUBUNGAN,DISTRIK NAVIGASI BENOA,4010201010,2,,,Rumah Negara,Rumah Negara Golongan I Tipe D Permanen,PL.202/61/DNG.Bna/2026,46225.0,"Penghapusan BMN,"Kabupaten Jembrana"
Persetujuan Penghapusan Nomor : S-146/MK.6/KNL.1401/2022,"Kabupaten Jembrana"
tanggal 18 Oktober 2022",Lainnya/perlu telaah manual,PENELUSURAN,SUDAH,-,-,BMN-163,"Kabupaten Jembrana"
022042200287612000KD,KEMENTERIAN PERHUBUNGAN,DISTRIK NAVIGASI BENOA,4010201010,3,,,Rumah Negara,Rumah Negara Golongan I Tipe D Permanen,PL.202/61/DNG.Bna/2026,46225.0,"Penghapusan BMN,"Kabupaten Jembrana"
Persetujuan Penghapusan Nomor : S-146/MK.6/KNL.1401/2022,"Kabupaten Jembrana"
tanggal 18 Oktober 2022",Lainnya/perlu telaah manual,PENELUSURAN,SUDAH,-,-,BMN-164,"Kabupaten Jembrana"
022042200287612000KD,KEMENTERIAN PERHUBUNGAN,DISTRIK NAVIGASI BENOA,4010101001,3,,,Bangunan Gedung Kantor,Bangunan Gedung Kantor Permanen,PL.202/61/DNG.Bna/2026,46225.0,"Penghapusan BMN,"Kabupaten Jembrana"
Persetujuan Penghapusan Nomor : S-146/MK.6/KNL.1401/2022,"Kabupaten Jembrana"
tanggal 18 Oktober 2022",Lainnya/perlu telaah manual,PENELUSURAN,SUDAH,-,-,BMN-165,"Kota Denpasar"
022042200287612000KD,KEMENTERIAN PERHUBUNGAN,DISTRIK NAVIGASI BENOA,4010201007,4,,,Rumah Negara,Rumah Negara Golongan I Tipe C Permanen,PL.202/61/DNG.Bna/2026,46225.0," Penghapusan BMN,"Kabupaten Jembrana"
Persetujuan Penghapusan Nomor : S-146/MK.6/KNL.1401/2022,"Kabupaten Jembrana"
tanggal 18 Oktober 2022",Lainnya/perlu telaah manual,PENELUSURAN,SUDAH,-,-,BMN-166,"Kabupaten Jembrana"
022042200287612000KD,KEMENTERIAN PERHUBUNGAN,DISTRIK NAVIGASI BENOA,4010201010,5,,,Rumah Negara,Rumah Negara Golongan I Tipe D Permanen,PL.202/61/DNG.Bna/2026,46225.0," Penghapusan BMN,"Kota Denpasar"
Persetujuan Penghapusan Nomor : S-146/MK.6/KNL.1401/2022,"Kota Denpasar"
tanggal 18 Oktober 2022",Lainnya/perlu telaah manual,PENELUSURAN,SUDAH,-,-,BMN-167,"Kabupaten Jembrana"
022042200287612000KD,KEMENTERIAN PERHUBUNGAN,DISTRIK NAVIGASI BENOA,4010201007,5,,,Rumah Negara,Rumah Negara Golongan I Tipe C Permanen,PL.202/61/DNG.Bna/2026,46225.0," Penghapusan BMN,"Kota Denpasar"
Persetujuan Penghapusan Nomor : S-146/MK.6/KNL.1401/2022,"Kabupaten Jembrana"
tanggal 18 Oktober 2022",Lainnya/perlu telaah manual,PENELUSURAN,SUDAH,-,-,BMN-168,"Kabupaten Jembrana"
022042200521904000KD,KEMENTERIAN PERHUBUNGAN,KANTOR UNIT PENYELENGGARA PELABUHAN NUSA PENIDA,4010101001,5,,,Bangunan Gedung Kantor,Bangunan Gedung Kantor Permanen,UM.006/181/UPP.Npe/2026,46227.0,tidak ada tercatat pada Aplikasi SIMAN aset BMN Kantor UPP Kelas II Nusa Penida.,Lainnya/perlu telaah manual,PENELUSURAN,SUDAH,-,-,BMN-169,"Kabupaten Klungkung"
022042200287612000KD,KEMENTERIAN PERHUBUNGAN,DISTRIK NAVIGASI BENOA,4010201010,6,,,Rumah Negara,Rumah Negara Golongan I Tipe D Permanen,PL.202/61/DNG.Bna/2026,46225.0," Penghapusan BMN,"Kota Denpasar"
Persetujuan Penghapusan Nomor : S-146/MK.6/KNL.1401/2022,"Kabupaten Jembrana"
tanggal 18 Oktober 2022",Lainnya/perlu telaah manual,PENELUSURAN,SUDAH,-,-,BMN-170,"Kabupaten Jembrana"
022042200287612000KD,KEMENTERIAN PERHUBUNGAN,DISTRIK NAVIGASI BENOA,4010201010,7,,,Rumah Negara,Rumah Negara Golongan I Tipe D Permanen,PL.202/61/DNG.Bna/2026,46225.0," Penghapusan BMN,"Kabupaten Jembrana"
Persetujuan Penghapusan Nomor : S-146/MK.6/KNL.1401/2022,"Kabupaten Jembrana"
tanggal 18 Oktober 2022",Lainnya/perlu telaah manual,PENELUSURAN,SUDAH,-,-,BMN-171,"Kabupaten Jembrana"
022042200287612000KD,KEMENTERIAN PERHUBUNGAN,DISTRIK NAVIGASI BENOA,4010201007,8,,,Rumah Negara,Rumah Negara Golongan I Tipe C Permanen,PL.202/61/DNG.Bna/2026,46225.0,Penghapusan BMN Risalah Lelang Nomor : 1182/65/2023 tanggal 9 November 2023,Lainnya/perlu telaah manual,PENELUSURAN,SUDAH,-,-,BMN-172,"Kabupaten Jembrana"
022042200287612000KD,KEMENTERIAN PERHUBUNGAN,DISTRIK NAVIGASI BENOA,4010201007,9,,,Rumah Negara,Rumah Negara Golongan I Tipe C Permanen,PL.202/61/DNG.Bna/2026,46225.0,Penghapusan BMN Risalah Lelang Nomor : 1182/65/2023 tanggal 9 November 2023,Lainnya/perlu telaah manual,PENELUSURAN,SUDAH,-,-,BMN-173,"Kabupaten Jembrana"
022042200287612000KD,KEMENTERIAN PERHUBUNGAN,DISTRIK NAVIGASI BENOA,4010101001,11,,,Bangunan Gedung Kantor,Bangunan Gedung Kantor Permanen,PL.202/61/DNG.Bna/2026,46225.0," Penghapusan BMN,"Kabupaten Badung"
Persetujuan Penghapusan Nomor : S-146/MK.6/KNL.1401/2022,"Kabupaten Klungkung"
tanggal 18 Oktober 2022",Lainnya/perlu telaah manual,PENELUSURAN,SUDAH,-,-,BMN-174,"Kota Denpasar"
022042200287612000KD,KEMENTERIAN PERHUBUNGAN,DISTRIK NAVIGASI BENOA,4010101001,15,,,Bangunan Gedung Kantor,Bangunan Gedung Kantor Permanen,PL.202/61/DNG.Bna/2026,46225.0," Penghapusan BMN,"Kabupaten Klungkung"
Persetujuan Penghapusan Nomor : S-146/MK.6/KNL.1401/2022,"Kota Denpasar"
tanggal 18 Oktober 2022",Lainnya/perlu telaah manual,PENELUSURAN,SUDAH,-,-,BMN-175,"Kota Denpasar"
022042200287612000KD,KEMENTERIAN PERHUBUNGAN,DISTRIK NAVIGASI BENOA,4010201007,23,,,Rumah Negara,Rumah Negara Golongan I Tipe C Permanen,PL.202/61/DNG.Bna/2026,46225.0," Penghapusan BMN,"Kota Denpasar"
Persetujuan Penghapusan Nomor : S-146/MK.6/KNL.1401/2022,"Kota Denpasar"
tanggal 18 Oktober 2022",Lainnya/perlu telaah manual,PENELUSURAN,SUDAH,-,-,BMN-176,"Kabupaten Jembrana"
022042200287612000KD,KEMENTERIAN PERHUBUNGAN,DISTRIK NAVIGASI BENOA,4010201007,24,,,Rumah Negara,Rumah Negara Golongan I Tipe C Permanen,PL.202/61/DNG.Bna/2026,46225.0," Penghapusan BMN,"Kota Denpasar"
Persetujuan Penghapusan Nomor : S-146/MK.6/KNL.1401/2022,"Kota Denpasar"
tanggal 18 Oktober 2022",Lainnya/perlu telaah manual,PENELUSURAN,SUDAH,-,-,BMN-177,"Kabupaten Jembrana"
022042200287612000KD,KEMENTERIAN PERHUBUNGAN,DISTRIK NAVIGASI BENOA,4010201007,36,,,Rumah Negara,Rumah Negara Golongan I Tipe C Permanen,PL.202/61/DNG.Bna/2026,46225.0,Penghapusan BMN Risalah Lelang Nomor : 8/68/2019 tanggal 23 Januari 2019,Lainnya/perlu telaah manual,PENELUSURAN,SUDAH,-,-,BMN-178,"Kabupaten Jembrana"
022042200287612000KD,KEMENTERIAN PERHUBUNGAN,DISTRIK NAVIGASI BENOA,4010201007,37,,,Rumah Negara,Rumah Negara Golongan I Tipe C Permanen,PL.202/61/DNG.Bna/2026,46225.0,Penghapusan BMN Risalah Lelang Nomor : 8/68/2019 tanggal 23 Januari 2019,Lainnya/perlu telaah manual,PENELUSURAN,SUDAH,-,-,BMN-179,"Kabupaten Jembrana"
022042200287612000KD,KEMENTERIAN PERHUBUNGAN,DISTRIK NAVIGASI BENOA,4010201007,38,,,Rumah Negara,Rumah Negara Golongan I Tipe C Permanen,PL.202/61/DNG.Bna/2026,46225.0,Penghapusan BMN Risalah Lelang Nomor : 8/68/2019 tanggal 23 Januari 2019,Lainnya/perlu telaah manual,PENELUSURAN,SUDAH,-,-,BMN-180,"Kabupaten Jembrana"
022042200287612000KD,KEMENTERIAN PERHUBUNGAN,DISTRIK NAVIGASI BENOA,4010201007,39,,,Rumah Negara,Rumah Negara Golongan I Tipe C Permanen,PL.202/61/DNG.Bna/2026,46225.0,Penghapusan BMN Risalah Lelang Nomor : 8/68/2019 tanggal 23 Januari 2019,Lainnya/perlu telaah manual,PENELUSURAN,SUDAH,-,-,BMN-181,"Kabupaten Jembrana"
022042200287612000KD,KEMENTERIAN PERHUBUNGAN,DISTRIK NAVIGASI BENOA,4010201007,40,,,Rumah Negara,Rumah Negara Golongan I Tipe C Permanen,PL.202/61/DNG.Bna/2026,46225.0,Penghapusan BMN Risalah Lelang Nomor : 8/68/2019 tanggal 23 Januari 2019,Lainnya/perlu telaah manual,PENELUSURAN,SUDAH,-,-,BMN-182,"Kabupaten Jembrana"
019012200579342000KD,KEMENTERIAN PERINDUSTRIAN,Balai Diklat Industri,4010101001,2,,,Bangunan Gedung Kantor,Bangunan Gedung Kantor Permanen,B/2575/BPSDMI/BDI-Denpasar/BMN/VII/2026,46230.0,"telah dilakukan mekanisme Transfer Keluar BMN pada tahun 2023 kepada satuan kerja Direktorat Jenderal Industri Kecil, Menengah, dan Aneka (Kode Satker: 019.05.0100.247949.000.KP)",Anomali data/pencatatan atau perubahan organisasi,PENELITIAN,SUDAH,-,-,BMN-183,"Kota Denpasar"
012222200344354000KD,KEMENTERIAN PERTAHANAN,ZIDAM IX/UDY,2010104001,167,,,Tanah Bangunan Kantor,Tanah Bangunan Kantor Pemerintah,B/906/VII/2026,46233.0,diperuntukkan untuk sebagai Mako Satgas Sektor Timur RI-RDTL,Belum ada hasil jawaban,DATA TIDAK LENGKAP,SUDAH,-,-,BMN-184,"Kota Denpasar"
018052200229061000DK,KEMENTERIAN PERTANIAN,DINAS PERTANIAN DAN KETAHANAN PANGAN PROVINSI BALI,4010201001,1,,,Rumah Negara,Rumah Negara Golongan I Tipe A Permanen,B.15.000/8635/BUN/DISTANPANGAN,46232.0,Sudah Dialihstatuskan ke Satker Pusat Direktorat Jenderal Perkebunan,Belum ada hasil jawaban,DATA TIDAK LENGKAP,SUDAH,-,-,BMN-185,"Kabupaten Jembrana"
018052200229061000DK,KEMENTERIAN PERTANIAN,DINAS PERTANIAN DAN KETAHANAN PANGAN PROVINSI BALI,4010204001,2,,,Bangunan Mess/Asrama,Mess/Wisma/Bungalow/Tempat Peristirahatan Permanen,B.15.000/8635/BUN/DISTANPANGAN,46232.0,Sudah Dialihstatuskan ke Satker Pusat Direktorat Jenderal Perkebunan,Belum ada hasil jawaban,DATA TIDAK LENGKAP,SUDAH,-,-,BMN-186,"Kota Denpasar"
018052200229061000DK,KEMENTERIAN PERTANIAN,DINAS PERTANIAN DAN KETAHANAN PANGAN PROVINSI BALI,4010201001,2,,,Rumah Negara,Rumah Negara Golongan I Tipe A Permanen,B.15.000/8635/BUN/DISTANPANGAN,46232.0,Sudah Dialihstatuskan ke Satker Pusat Direktorat Jenderal Perkebunan,Belum ada hasil jawaban,DATA TIDAK LENGKAP,SUDAH,-,-,BMN-187,"Kabupaten Jembrana"
018062200220064000KD,KEMENTERIAN PERTANIAN,BPTU SAPI BALI,4010101002,2,,,Bangunan Gedung Kantor,Bangunan Gedung Kantor Semi Permanen,B-1299/PL.330/F2.J/07/2026,46232.0,Sudah dilakukan pemusnahan,Belum ada hasil jawaban,DATA TIDAK LENGKAP,SUDAH,-,-,BMN-188,"Kota Denpasar"
018052200229061000DK,KEMENTERIAN PERTANIAN,DINAS PERTANIAN DAN KETAHANAN PANGAN PROVINSI BALI,4010204001,3,,,Bangunan Mess/Asrama,Mess/Wisma/Bungalow/Tempat Peristirahatan Permanen,B.15.000/8635/BUN/DISTANPANGAN,46232.0,Sudah Dialihstatuskan ke Satker Pusat Direktorat Jenderal Perkebunan,Belum ada hasil jawaban,DATA TIDAK LENGKAP,SUDAH,-,-,BMN-189,"Kota Denpasar"
018052200229061000DK,KEMENTERIAN PERTANIAN,DINAS PERTANIAN DAN KETAHANAN PANGAN PROVINSI BALI,4010201001,3,,,Rumah Negara,Rumah Negara Golongan I Tipe A Permanen,B.15.000/8635/BUN/DISTANPANGAN,46232.0,Sudah Dialihstatuskan ke Satker Pusat Direktorat Jenderal Perkebunan,Belum ada hasil jawaban,DATA TIDAK LENGKAP,SUDAH,-,-,BMN-190,"Kabupaten Jembrana"
018062200220064000KD,KEMENTERIAN PERTANIAN,BPTU SAPI BALI,4010101001,4,,,Bangunan Gedung Kantor,Bangunan Gedung Kantor Permanen,B-1299/PL.330/F2.J/07/2026,46232.0,"tidak ditemukan, sudah dilakukan koreksi pencatatan",Belum ada hasil jawaban,DATA TIDAK LENGKAP,SUDAH,-,-,BMN-191,"Kota Denpasar"
018052200229061000DK,KEMENTERIAN PERTANIAN,DINAS PERTANIAN DAN KETAHANAN PANGAN PROVINSI BALI,4010204001,6,,,Bangunan Mess/Asrama,Mess/Wisma/Bungalow/Tempat Peristirahatan Permanen,B.15.000/8635/BUN/DISTANPANGAN,46232.0,Sudah Dialihstatuskan ke Satker Pusat Direktorat Jenderal Perkebunan,Belum ada hasil jawaban,DATA TIDAK LENGKAP,SUDAH,-,-,BMN-192,"Kota Denpasar"
018062200220064000KD,KEMENTERIAN PERTANIAN,BPTU SAPI BALI,4010101001,7,,,Bangunan Gedung Kantor,Bangunan Gedung Kantor Permanen,B-1299/PL.330/F2.J/07/2026,46232.0,"tidak ditemukan, sudah dilakukan koreksi pencatatan",Belum ada hasil jawaban,DATA TIDAK LENGKAP,SUDAH,-,-,BMN-193,"Kota Denpasar"
018052200229061000DK,KEMENTERIAN PERTANIAN,DINAS PERTANIAN DAN KETAHANAN PANGAN PROVINSI BALI,4010201001,8,,,Rumah Negara,Rumah Negara Golongan I Tipe A Permanen,B.15.000/8635/BUN/DISTANPANGAN,46232.0,Sudah Dialihstatuskan ke Satker Pusat Direktorat Jenderal Perkebunan,Belum ada hasil jawaban,DATA TIDAK LENGKAP,SUDAH,-,-,BMN-194,"Kabupaten Jembrana"
018052200229061000DK,KEMENTERIAN PERTANIAN,DINAS PERTANIAN DAN KETAHANAN PANGAN PROVINSI BALI,4010201001,9,,,Rumah Negara,Rumah Negara Golongan I Tipe A Permanen,B.15.000/8635/BUN/DISTANPANGAN,46232.0,Sudah Dialihstatuskan ke Satker Pusat Direktorat Jenderal Perkebunan,Belum ada hasil jawaban,DATA TIDAK LENGKAP,SUDAH,-,-,BMN-195,"Kabupaten Jembrana"
018052200229061000DK,KEMENTERIAN PERTANIAN,DINAS PERTANIAN DAN KETAHANAN PANGAN PROVINSI BALI,4010201001,10,,,Rumah Negara,Rumah Negara Golongan I Tipe A Permanen,B.15.000/8635/BUN/DISTANPANGAN,46232.0,Sudah Dialihstatuskan ke Satker Pusat Direktorat Jenderal Perkebunan,Belum ada hasil jawaban,DATA TIDAK LENGKAP,SUDAH,-,-,BMN-196,"Kabupaten Jembrana"
018052200229061000DK,KEMENTERIAN PERTANIAN,DINAS PERTANIAN DAN KETAHANAN PANGAN PROVINSI BALI,4010201001,23,,,Rumah Negara,Rumah Negara Golongan I Tipe A Permanen,B.15.000/8635/BUN/DISTANPANGAN,46232.0,Sudah Dialihstatuskan ke Satker Pusat Direktorat Jenderal Perkebunan,Belum ada hasil jawaban,DATA TIDAK LENGKAP,SUDAH,-,-,BMN-197,"Kabupaten Jembrana"
018052200229061000DK,KEMENTERIAN PERTANIAN,DINAS PERTANIAN DAN KETAHANAN PANGAN PROVINSI BALI,4010201001,24,,,Rumah Negara,Rumah Negara Golongan I Tipe A Permanen,B.15.000/8635/BUN/DISTANPANGAN,46232.0,Sudah Dialihstatuskan ke Satker Pusat Direktorat Jenderal Perkebunan,Belum ada hasil jawaban,DATA TIDAK LENGKAP,SUDAH,-,-,BMN-198,"Kabupaten Jembrana"
018052200229061000DK,KEMENTERIAN PERTANIAN,DINAS PERTANIAN DAN KETAHANAN PANGAN PROVINSI BALI,4010201001,25,,,Rumah Negara,Rumah Negara Golongan I Tipe A Permanen,B.15.000/8635/BUN/DISTANPANGAN,46232.0,Sudah Dialihstatuskan ke Satker Pusat Direktorat Jenderal Perkebunan,Belum ada hasil jawaban,DATA TIDAK LENGKAP,SUDAH,-,-,BMN-199,"Kabupaten Jembrana"
018052200229061000DK,KEMENTERIAN PERTANIAN,DINAS PERTANIAN DAN KETAHANAN PANGAN PROVINSI BALI,4010201001,26,,,Rumah Negara,Rumah Negara Golongan I Tipe A Permanen,B.15.000/8635/BUN/DISTANPANGAN,46232.0,Sudah Dialihstatuskan ke Satker Pusat Direktorat Jenderal Perkebunan,Belum ada hasil jawaban,DATA TIDAK LENGKAP,SUDAH,-,-,BMN-200,"Kabupaten Jembrana"
018052200229061000DK,KEMENTERIAN PERTANIAN,DINAS PERTANIAN DAN KETAHANAN PANGAN PROVINSI BALI,4010201001,27,,,Rumah Negara,Rumah Negara Golongan I Tipe A Permanen,B.15.000/8635/BUN/DISTANPANGAN,46232.0,Sudah Dialihstatuskan ke Satker Pusat Direktorat Jenderal Perkebunan,Belum ada hasil jawaban,DATA TIDAK LENGKAP,SUDAH,-,-,BMN-201,"Kabupaten Jembrana"
018052200229061000DK,KEMENTERIAN PERTANIAN,DINAS PERTANIAN DAN KETAHANAN PANGAN PROVINSI BALI,4010201001,29,,,Rumah Negara,Rumah Negara Golongan I Tipe A Permanen,B.15.000/8635/BUN/DISTANPANGAN,46232.0,Sudah Dialihstatuskan ke Satker Pusat Direktorat Jenderal Perkebunan,Belum ada hasil jawaban,DATA TIDAK LENGKAP,SUDAH,-,-,BMN-202,"Kabupaten Jembrana"
018052200229061000DK,KEMENTERIAN PERTANIAN,DINAS PERTANIAN DAN KETAHANAN PANGAN PROVINSI BALI,4010201001,33,,,Rumah Negara,Rumah Negara Golongan I Tipe A Permanen,B.15.000/8635/BUN/DISTANPANGAN,46232.0,Sudah Dialihstatuskan ke Satker Pusat Direktorat Jenderal Perkebunan,Belum ada hasil jawaban,DATA TIDAK LENGKAP,SUDAH,-,-,BMN-203,"Kabupaten Jembrana"
018052200229061000DK,KEMENTERIAN PERTANIAN,DINAS PERTANIAN DAN KETAHANAN PANGAN PROVINSI BALI,4010201001,37,,,Rumah Negara,Rumah Negara Golongan I Tipe A Permanen,B.15.000/8635/BUN/DISTANPANGAN,46232.0,Sudah Dialihstatuskan ke Satker Pusat Direktorat Jenderal Perkebunan,Belum ada hasil jawaban,DATA TIDAK LENGKAP,SUDAH,-,-,BMN-204,"Kabupaten Jembrana"
018052200229061000DK,KEMENTERIAN PERTANIAN,DINAS PERTANIAN DAN KETAHANAN PANGAN PROVINSI BALI,4010201001,44,,,Rumah Negara,Rumah Negara Golongan I Tipe A Permanen,B.15.000/8635/BUN/DISTANPANGAN,46232.0,Sudah Dialihstatuskan ke Satker Pusat Direktorat Jenderal Perkebunan,Belum ada hasil jawaban,DATA TIDAK LENGKAP,SUDAH,-,-,BMN-205,"Kabupaten Jembrana"
018052200229061000DK,KEMENTERIAN PERTANIAN,DINAS PERTANIAN DAN KETAHANAN PANGAN PROVINSI BALI,4010201001,45,,,Rumah Negara,Rumah Negara Golongan I Tipe A Permanen,B.15.000/8635/BUN/DISTANPANGAN,46232.0,Sudah Dialihstatuskan ke Satker Pusat Direktorat Jenderal Perkebunan,Belum ada hasil jawaban,DATA TIDAK LENGKAP,SUDAH,-,-,BMN-206,"Kabupaten Jembrana"
018052200229061000DK,KEMENTERIAN PERTANIAN,DINAS PERTANIAN DAN KETAHANAN PANGAN PROVINSI BALI,4010201001,46,,,Rumah Negara,Rumah Negara Golongan I Tipe A Permanen,B.15.000/8635/BUN/DISTANPANGAN,46232.0,Sudah Dialihstatuskan ke Satker Pusat Direktorat Jenderal Perkebunan,Belum ada hasil jawaban,DATA TIDAK LENGKAP,SUDAH,-,-,BMN-207,"Kabupaten Jembrana"
018052200229061000DK,KEMENTERIAN PERTANIAN,DINAS PERTANIAN DAN KETAHANAN PANGAN PROVINSI BALI,4010201001,49,,,Rumah Negara,Rumah Negara Golongan I Tipe A Permanen,B.15.000/8635/BUN/DISTANPANGAN,46232.0,Sudah Dialihstatuskan ke Satker Pusat Direktorat Jenderal Perkebunan,Belum ada hasil jawaban,DATA TIDAK LENGKAP,SUDAH,-,-,BMN-208,"Kabupaten Jembrana"
018052200229061000DK,KEMENTERIAN PERTANIAN,DINAS PERTANIAN DAN KETAHANAN PANGAN PROVINSI BALI,4010201001,50,,,Rumah Negara,Rumah Negara Golongan I Tipe A Permanen,B.15.000/8635/BUN/DISTANPANGAN,46232.0,Sudah Dialihstatuskan ke Satker Pusat Direktorat Jenderal Perkebunan,Belum ada hasil jawaban,DATA TIDAK LENGKAP,SUDAH,-,-,BMN-209,"Kabupaten Jembrana"
018052200229061000DK,KEMENTERIAN PERTANIAN,DINAS PERTANIAN DAN KETAHANAN PANGAN PROVINSI BALI,4010201001,51,,,Rumah Negara,Rumah Negara Golongan I Tipe A Permanen,B.15.000/8635/BUN/DISTANPANGAN,46232.0,Sudah Dialihstatuskan ke Satker Pusat Direktorat Jenderal Perkebunan,Belum ada hasil jawaban,DATA TIDAK LENGKAP,SUDAH,-,-,BMN-210,"Kabupaten Jembrana"
018052200229061000DK,KEMENTERIAN PERTANIAN,DINAS PERTANIAN DAN KETAHANAN PANGAN PROVINSI BALI,4010201001,52,,,Rumah Negara,Rumah Negara Golongan I Tipe A Permanen,B.15.000/8635/BUN/DISTANPANGAN,46232.0,Sudah Dialihstatuskan ke Satker Pusat Direktorat Jenderal Perkebunan,Belum ada hasil jawaban,DATA TIDAK LENGKAP,SUDAH,-,-,BMN-211,"Kabupaten Jembrana"
018052200229061000DK,KEMENTERIAN PERTANIAN,DINAS PERTANIAN DAN KETAHANAN PANGAN PROVINSI BALI,4010201001,53,,,Rumah Negara,Rumah Negara Golongan I Tipe A Permanen,B.15.000/8635/BUN/DISTANPANGAN,46232.0,Sudah Dialihstatuskan ke Satker Pusat Direktorat Jenderal Perkebunan,Belum ada hasil jawaban,DATA TIDAK LENGKAP,SUDAH,-,-,BMN-212,"Kabupaten Jembrana"
018052200229061000DK,KEMENTERIAN PERTANIAN,DINAS PERTANIAN DAN KETAHANAN PANGAN PROVINSI BALI,4010201001,54,,,Rumah Negara,Rumah Negara Golongan I Tipe A Permanen,B.15.000/8635/BUN/DISTANPANGAN,46232.0,Sudah Dialihstatuskan ke Satker Pusat Direktorat Jenderal Perkebunan,Belum ada hasil jawaban,DATA TIDAK LENGKAP,SUDAH,-,-,BMN-213,"Kabupaten Jembrana"
018052200229061000DK,KEMENTERIAN PERTANIAN,DINAS PERTANIAN DAN KETAHANAN PANGAN PROVINSI BALI,4010201001,55,,,Rumah Negara,Rumah Negara Golongan I Tipe A Permanen,B.15.000/8635/BUN/DISTANPANGAN,46232.0,Sudah Dialihstatuskan ke Satker Pusat Direktorat Jenderal Perkebunan,Belum ada hasil jawaban,DATA TIDAK LENGKAP,SUDAH,-,-,BMN-214,"Kabupaten Jembrana"
018052200229061000DK,KEMENTERIAN PERTANIAN,DINAS PERTANIAN DAN KETAHANAN PANGAN PROVINSI BALI,4010201001,56,,,Rumah Negara,Rumah Negara Golongan I Tipe A Permanen,B.15.000/8635/BUN/DISTANPANGAN,46232.0,Sudah Dialihstatuskan ke Satker Pusat Direktorat Jenderal Perkebunan,Belum ada hasil jawaban,DATA TIDAK LENGKAP,SUDAH,-,-,BMN-215,"Kabupaten Jembrana"
018052200229061000DK,KEMENTERIAN PERTANIAN,DINAS PERTANIAN DAN KETAHANAN PANGAN PROVINSI BALI,4010201001,57,,,Rumah Negara,Rumah Negara Golongan I Tipe A Permanen,B.15.000/8635/BUN/DISTANPANGAN,46232.0,Sudah Dialihstatuskan ke Satker Pusat Direktorat Jenderal Perkebunan,Belum ada hasil jawaban,DATA TIDAK LENGKAP,SUDAH,-,-,BMN-216,"Kabupaten Jembrana"
018052200229061000DK,KEMENTERIAN PERTANIAN,DINAS PERTANIAN DAN KETAHANAN PANGAN PROVINSI BALI,4010201001,58,,,Rumah Negara,Rumah Negara Golongan I Tipe A Permanen,B.15.000/8635/BUN/DISTANPANGAN,46232.0,Sudah Dialihstatuskan ke Satker Pusat Direktorat Jenderal Perkebunan,Belum ada hasil jawaban,DATA TIDAK LENGKAP,SUDAH,-,-,BMN-217,"Kabupaten Jembrana"
018052200229061000DK,KEMENTERIAN PERTANIAN,DINAS PERTANIAN DAN KETAHANAN PANGAN PROVINSI BALI,4010201001,59,,,Rumah Negara,Rumah Negara Golongan I Tipe A Permanen,B.15.000/8635/BUN/DISTANPANGAN,46232.0,Sudah Dialihstatuskan ke Satker Pusat Direktorat Jenderal Perkebunan,Belum ada hasil jawaban,DATA TIDAK LENGKAP,SUDAH,-,-,BMN-218,"Kabupaten Jembrana"
018052200229061000DK,KEMENTERIAN PERTANIAN,DINAS PERTANIAN DAN KETAHANAN PANGAN PROVINSI BALI,4010201001,63,,,Rumah Negara,Rumah Negara Golongan I Tipe A Permanen,B.15.000/8635/BUN/DISTANPANGAN,46232.0,Sudah Dialihstatuskan ke Satker Pusat Direktorat Jenderal Perkebunan,Belum ada hasil jawaban,DATA TIDAK LENGKAP,SUDAH,-,-,BMN-219,"Kabupaten Jembrana"
018052200229061000DK,KEMENTERIAN PERTANIAN,DINAS PERTANIAN DAN KETAHANAN PANGAN PROVINSI BALI,4010201001,66,,,Rumah Negara,Rumah Negara Golongan I Tipe A Permanen,B.15.000/8635/BUN/DISTANPANGAN,46232.0,Sudah Dialihstatuskan ke Satker Pusat Direktorat Jenderal Perkebunan,Belum ada hasil jawaban,DATA TIDAK LENGKAP,SUDAH,-,-,BMN-220,"Kabupaten Jembrana"
018052200229061000DK,KEMENTERIAN PERTANIAN,DINAS PERTANIAN DAN KETAHANAN PANGAN PROVINSI BALI,4010201001,68,,,Rumah Negara,Rumah Negara Golongan I Tipe A Permanen,B.15.000/8635/BUN/DISTANPANGAN,46232.0,Sudah Dialihstatuskan ke Satker Pusat Direktorat Jenderal Perkebunan,Belum ada hasil jawaban,DATA TIDAK LENGKAP,SUDAH,-,-,BMN-221,"Kabupaten Jembrana"
018052200229061000DK,KEMENTERIAN PERTANIAN,DINAS PERTANIAN DAN KETAHANAN PANGAN PROVINSI BALI,4010201001,70,,,Rumah Negara,Rumah Negara Golongan I Tipe A Permanen,B.15.000/8635/BUN/DISTANPANGAN,46232.0,Sudah Dialihstatuskan ke Satker Pusat Direktorat Jenderal Perkebunan,Belum ada hasil jawaban,DATA TIDAK LENGKAP,SUDAH,-,-,BMN-222,"Kabupaten Jembrana"
018052200229061000DK,KEMENTERIAN PERTANIAN,DINAS PERTANIAN DAN KETAHANAN PANGAN PROVINSI BALI,4010201001,71,,,Rumah Negara,Rumah Negara Golongan I Tipe A Permanen,B.15.000/8635/BUN/DISTANPANGAN,46232.0,Sudah Dialihstatuskan ke Satker Pusat Direktorat Jenderal Perkebunan,Belum ada hasil jawaban,DATA TIDAK LENGKAP,SUDAH,-,-,BMN-223,"Kabupaten Jembrana"
018052200229061000DK,KEMENTERIAN PERTANIAN,DINAS PERTANIAN DAN KETAHANAN PANGAN PROVINSI BALI,4010201001,84,,,Rumah Negara,Rumah Negara Golongan I Tipe A Permanen,B.15.000/8635/BUN/DISTANPANGAN,46232.0,Sudah Dialihstatuskan ke Satker Pusat Direktorat Jenderal Perkebunan,Belum ada hasil jawaban,DATA TIDAK LENGKAP,SUDAH,-,-,BMN-224,"Kabupaten Jembrana"
018052200229061000DK,KEMENTERIAN PERTANIAN,DINAS PERTANIAN DAN KETAHANAN PANGAN PROVINSI BALI,4010201001,86,,,Rumah Negara,Rumah Negara Golongan I Tipe A Permanen,B.15.000/8635/BUN/DISTANPANGAN,46232.0,Sudah Dialihstatuskan ke Satker Pusat Direktorat Jenderal Perkebunan,Belum ada hasil jawaban,DATA TIDAK LENGKAP,SUDAH,-,-,BMN-225,"Kabupaten Jembrana"
018052200229061000DK,KEMENTERIAN PERTANIAN,DINAS PERTANIAN DAN KETAHANAN PANGAN PROVINSI BALI,4010201001,88,,,Rumah Negara,Rumah Negara Golongan I Tipe A Permanen,B.15.000/8635/BUN/DISTANPANGAN,46232.0,Sudah Dialihstatuskan ke Satker Pusat Direktorat Jenderal Perkebunan,Belum ada hasil jawaban,DATA TIDAK LENGKAP,SUDAH,-,-,BMN-226,"Kabupaten Jembrana"
018052200229061000DK,KEMENTERIAN PERTANIAN,DINAS PERTANIAN DAN KETAHANAN PANGAN PROVINSI BALI,2010104001,101,,,Tanah Bangunan Kantor,Tanah Bangunan Kantor Pemerintah,B.15.000/8635/BUN/DISTANPANGAN,46232.0,Sudah Dialihstatuskan ke Satker Pusat Direktorat Jenderal Perkebunan,Belum ada hasil jawaban,DATA TIDAK LENGKAP,SUDAH,-,-,BMN-227,"Kota Denpasar"
018052200229061000DK,KEMENTERIAN PERTANIAN,DINAS PERTANIAN DAN KETAHANAN PANGAN PROVINSI BALI,2010104001,122,,,Tanah Bangunan Kantor,Tanah Bangunan Kantor Pemerintah,B.15.000/8635/BUN/DISTANPANGAN,46232.0,Sudah Dialihstatuskan ke Satker Pusat Direktorat Jenderal Perkebunan,Belum ada hasil jawaban,DATA TIDAK LENGKAP,SUDAH,-,-,BMN-228,"Kota Denpasar"
018052200229061000DK,KEMENTERIAN PERTANIAN,DINAS PERTANIAN DAN KETAHANAN PANGAN PROVINSI BALI,2010104001,125,,,Tanah Bangunan Kantor,Tanah Bangunan Kantor Pemerintah,B.15.000/8635/BUN/DISTANPANGAN,46232.0,Sudah Dialihstatuskan ke Satker Pusat Direktorat Jenderal Perkebunan,Belum ada hasil jawaban,DATA TIDAK LENGKAP,SUDAH,-,-,BMN-229,"Kota Denpasar"
018052200229061000DK,KEMENTERIAN PERTANIAN,DINAS PERTANIAN DAN KETAHANAN PANGAN PROVINSI BALI,2010104001,143,,,Tanah Bangunan Kantor,Tanah Bangunan Kantor Pemerintah,B.15.000/8635/BUN/DISTANPANGAN,46232.0,Sudah Dialihstatuskan ke Satker Pusat Direktorat Jenderal Perkebunan,Belum ada hasil jawaban,DATA TIDAK LENGKAP,SUDAH,-,-,BMN-230,"Kota Denpasar"
018052200229061000DK,KEMENTERIAN PERTANIAN,DINAS PERTANIAN DAN KETAHANAN PANGAN PROVINSI BALI,2010104001,146,,,Tanah Bangunan Kantor,Tanah Bangunan Kantor Pemerintah,B.15.000/8635/BUN/DISTANPANGAN,46232.0,Sudah Dialihstatuskan ke Satker Pusat Direktorat Jenderal Perkebunan,Belum ada hasil jawaban,DATA TIDAK LENGKAP,SUDAH,-,-,BMN-231,"Kota Denpasar"
027042200426650000KD,KEMENTERIAN SOSIAL,PSBN MAHATMIYA BALI,4010202004,1,,,Rumah Negara,Rumah Negara Golongan II Tipe B Permanen,148/4.28/PS.02.02/4/2026,46113.0,Seluruh aset PSBN Mahatmiya dimigrasi ke Sentra Mahatmiya Bali dan tidak terdapat aset terindikasi idle,Tidak digunakan/berpotensi idle,PENELITIAN,SUDAH,-,-,BMN-232,"Kabupaten Jembrana"
060012200644527000KD,KEPOLISIAN NEGARA RI,PELAYANAN MARKAS POLDA BALI,4010205001,11,,,Bangunan Mess/Asrama,Asrama Permanen, B/4618/VII/LOG.7.1/2026/Yanma,46232.0,Digunakan satker sebagai Barak Dalmas dan Ruang kerja,Belum ada hasil jawaban,DATA TIDAK LENGKAP,SUDAH,-,-,BMN-233,"Kota Denpasar"
116012200700121000KD,LEMBAGA PENYIARAN PUBLIK RRI,RRI Denpasar,4010202010,1,,,Rumah Negara,Rumah Negara Golongan II Tipe C Permanen,/RRI-Dps/PL.04.05/07/2025,46147.0,"Rusak Berat, digunakan seniri untuk operasional, digunakan oleh pensiunan pegawai, Gol II Tipe D bukan C",Dihuni/dikuasai pensiunan atau pihak eksternal,PENELITIAN,SUDAH,-,-,BMN-234,"Kabupaten Jembrana"
116012200700121000KD,LEMBAGA PENYIARAN PUBLIK RRI,RRI Denpasar,4010101001,1,,,Bangunan Gedung Kantor,Bangunan Gedung Kantor Permanen,/RRI-Dps/PL.04.05/07/2025,46147.0,"Rusak Berat, digunakan seniri untuk operasional, Belum ada anggaran renovasi/perbaikan ",Digunakan/dimanfaatkan—indikasi tidak idle,PENELITIAN,SUDAH,-,-,BMN-235,"Kota Denpasar"
116012200700121000KD,LEMBAGA PENYIARAN PUBLIK RRI,RRI Denpasar,4010202010,2,,,Rumah Negara,Rumah Negara Golongan II Tipe C Permanen,/RRI-Dps/PL.04.05/07/2025,46147.0,"Rusak Berat, digunakan seniri untuk operasional, Belum ada  rencan renovasi/perbaikan, Gol II Tipe D, Bukan C",Digunakan/dimanfaatkan—indikasi tidak idle,PENELITIAN,SUDAH,-,-,BMN-236,"Kabupaten Jembrana"
116012200700121000KD,LEMBAGA PENYIARAN PUBLIK RRI,RRI Denpasar,4010202007,3,,,Rumah Negara,Rumah Negara Golongan II Tipe C Permanen,/RRI-Dps/PL.04.05/07/2025,46147.0,"Rusak Berat, digunakan seniri untuk operasional, Belum ada Anggaran untuk perbaikan ",Digunakan/dimanfaatkan—indikasi tidak idle,PENELITIAN,SUDAH,-,-,BMN-237,"Kabupaten Jembrana"
116012200700121000KD,LEMBAGA PENYIARAN PUBLIK RRI,RRI Denpasar,4010202007,3,,,Rumah Negara,Rumah Negara Golongan II Tipe C Permanen,/RRI-Dps/PL.04.05/07/2025,46147.0,Dobel,Tidak digunakan/berpotensi idle,PENELITIAN,SUDAH,-,-,BMN-238,"Kabupaten Jembrana"
116012200700121000KD,LEMBAGA PENYIARAN PUBLIK RRI,RRI Denpasar,4010202010,4,,,Rumah Negara,Rumah Negara Golongan II Tipe C Permanen,/RRI-Dps/PL.04.05/07/2025,46147.0,"Rusak Berat, digunakan seniri untuk operasional, Belum ada  rencan renovasi/perbaikan, Gol II Tipe D, Bukan C",Digunakan/dimanfaatkan—indikasi tidak idle,PENELITIAN,SUDAH,-,-,BMN-239,"Kabupaten Jembrana"
116012200700121000KD,LEMBAGA PENYIARAN PUBLIK RRI,RRI Denpasar,4010101001,6,,,Bangunan Gedung Kantor,Bangunan Gedung Kantor Permanen,/RRI-Dps/PL.04.05/07/2025,46147.0,Tidak ada NUP6 (sudah direklas ke NUP 1) ,Lainnya/perlu telaah manual,PENELUSURAN,SUDAH,-,-,BMN-240,"Kota Denpasar"
005012200402772000KD,MAHKAMAH AGUNG,PENGADILAN AGAMA GIANYAR,2010101001,1,,,Tanah Rumah Negara,Tanah Bangunan Rumah Negara Golongan I,408 / SEK-PA/ W30-A4/PL1.2.2/VII/2025 ,46227.0,"sedang dalam proses permohonan,"Kota Denpasar"
pembanguan Rumah Dinas untuk Pimpinan di RKBMN pada aplikasi SIMAN dan e-Sadewa",Tindak lanjut sedang/akan diproses,PEMANTAUAN,SUDAH,-,-,BMN-241,"Kabupaten Gianyar"
005012200663335000KD,MAHKAMAH AGUNG,PENGADILAN MILITER III-14 DENPASAR,4010101001,1,,,Bangunan Gedung Kantor,Bangunan Gedung Kantor Permanen,12/SEK.PM.W3-Mil03/PL1.2/VII/2026,46230.0,"menjadi 4010124013 NUP 1, gedung PnegadilanMiliter Tipe A ",Lainnya/perlu telaah manual,PENELUSURAN,SUDAH,-,-,BMN-242,"Kota Denpasar"
005012200614731000KD,MAHKAMAH AGUNG,PENGADILAN AGAMA BADUNG,2010104001,1,,,Tanah Bangunan Kantor,Tanah Bangunan Kantor Pemerintah,215/SEK.PA.W30-A6/PL03/VII/2026,46231.0,"telah dilakukan pembangunan pagar permanen sebagai,"Kota Denpasar"
batas dan pengamanan aset milik negara",Belum ada hasil jawaban,DATA TIDAK LENGKAP,SUDAH,-,-,BMN-243,"Kabupaten Badung"
005012200402763000KD,MAHKAMAH AGUNG,PENGADILAN AGAMA KLUNGKUNG,4010204001,2,,,Bangunan Mess/Asrama,Mess/Wisma/Bungalow/Tempat Peristirahatan Permanen, 347/SEK.PA.W30-A5/PL1.2.2/VII/2026,46230.0,"Barang Milik Negara (BMN) yang terindikasi Idle berupa Mess/Wisma/Bungalow/Tempat Peristirahatan Permanen dengan NUP 2 dan 3 pada tahun 2021 telah dilakukan Koreksi Nilai Bertambah dengan menggabungkan NUP 2 dan 3, ke NUP 1.",Tidak digunakan/berpotensi idle,PENELITIAN,SUDAH,-,-,BMN-244,"Kabupaten Klungkung"
005012200663335000KD,MAHKAMAH AGUNG,PENGADILAN MILITER III-14 DENPASAR,4010101001,2,,,Bangunan Gedung Kantor,Bangunan Gedung Kantor Permanen,12/SEK.PM.W3-Mil03/PL1.2/VII/2026,46230.0,"menjadi 4010124013 NUP 1, gedung PnegadilanMiliter Tipe A ",Lainnya/perlu telaah manual,PENELUSURAN,SUDAH,-,-,BMN-245,"Kota Denpasar"
005012200402763000KD,MAHKAMAH AGUNG,PENGADILAN AGAMA KLUNGKUNG,4010204001,3,,,Bangunan Mess/Asrama,Mess/Wisma/Bungalow/Tempat Peristirahatan Permanen, 347/SEK.PA.W30-A5/PL1.2.2/VII/2026,46230.0,"Barang Milik Negara (BMN) yang terindikasi Idle berupa Mess/Wisma/Bungalow/Tempat Peristirahatan Permanen dengan NUP 2 dan 3 pada tahun 2021 telah dilakukan Koreksi Nilai Bertambah dengan menggabungkan NUP 2 dan 3, ke NUP 1.",Tidak digunakan/berpotensi idle,PENELITIAN,SUDAH,-,-,BMN-246,"Kabupaten Klungkung"
005012200099773000KD,MAHKAMAH AGUNG,PENGADILAN TINGGI DENPASAR,4010202004,3,,,Rumah Negara,Rumah Negara Golongan II Tipe B Permanen,178/SEK.W24-U/PL1.2.7/VII/2026,46231.0,"Rumah Negara tersebut diajukan renovasi melalui RKBMN tahun 2026,"Kota Denpasar"
untuk anggaran tahun 2028 sehingga dapat digunakan dan dihuni kembali",Belum ada hasil jawaban,DATA TIDAK LENGKAP,SUDAH,-,-,BMN-247,"Kota Denpasar"
007012200403996000KP,SEKRETARIAT NEGARA,Istana Kepresidenan Tapak Siring,4010101001,1,,,Bangunan Gedung Kantor,Bangunan Gedung Kantor Permanen,B-171 /I-TS/PB.06/07/2026,46230.0,Digunakan sendiri untuk operasiona (gedung kantor inventaris) ,Belum ada hasil jawaban,DATA TIDAK LENGKAP,SUDAH,-,-,BMN-248,"Kabupaten Gianyar"
